-- MySQL dump 10.13  Distrib 5.5.31, for debian-linux-gnu (x86_64)
--
-- Host: localhost    Database: trivia
-- ------------------------------------------------------
-- Server version	5.5.31-0ubuntu0.12.04.1

/*!40101 SET @OLD_CHARACTER_SET_CLIENT=@@CHARACTER_SET_CLIENT */;
/*!40101 SET @OLD_CHARACTER_SET_RESULTS=@@CHARACTER_SET_RESULTS */;
/*!40101 SET @OLD_COLLATION_CONNECTION=@@COLLATION_CONNECTION */;
/*!40101 SET NAMES utf8 */;
/*!40103 SET @OLD_TIME_ZONE=@@TIME_ZONE */;
/*!40103 SET TIME_ZONE='+00:00' */;
/*!40014 SET @OLD_UNIQUE_CHECKS=@@UNIQUE_CHECKS, UNIQUE_CHECKS=0 */;
/*!40014 SET @OLD_FOREIGN_KEY_CHECKS=@@FOREIGN_KEY_CHECKS, FOREIGN_KEY_CHECKS=0 */;
/*!40101 SET @OLD_SQL_MODE=@@SQL_MODE, SQL_MODE='NO_AUTO_VALUE_ON_ZERO' */;
/*!40111 SET @OLD_SQL_NOTES=@@SQL_NOTES, SQL_NOTES=0 */;

--
-- Table structure for table `triv_assets`
--

DROP TABLE IF EXISTS `triv_assets`;
/*!40101 SET @saved_cs_client     = @@character_set_client */;
/*!40101 SET character_set_client = utf8 */;
CREATE TABLE `triv_assets` (
  `id` int(10) unsigned NOT NULL AUTO_INCREMENT COMMENT 'Primary Key',
  `parent_id` int(11) NOT NULL DEFAULT '0' COMMENT 'Nested set parent.',
  `lft` int(11) NOT NULL DEFAULT '0' COMMENT 'Nested set lft.',
  `rgt` int(11) NOT NULL DEFAULT '0' COMMENT 'Nested set rgt.',
  `level` int(10) unsigned NOT NULL COMMENT 'The cached level in the nested tree.',
  `name` varchar(50) NOT NULL COMMENT 'The unique name for the asset.\n',
  `title` varchar(100) NOT NULL COMMENT 'The descriptive title for the asset.',
  `rules` varchar(5120) NOT NULL COMMENT 'JSON encoded access control.',
  PRIMARY KEY (`id`),
  UNIQUE KEY `idx_asset_name` (`name`),
  KEY `idx_lft_rgt` (`lft`,`rgt`),
  KEY `idx_parent_id` (`parent_id`)
) ENGINE=InnoDB AUTO_INCREMENT=37 DEFAULT CHARSET=utf8;
/*!40101 SET character_set_client = @saved_cs_client */;

--
-- Dumping data for table `triv_assets`
--

LOCK TABLES `triv_assets` WRITE;
/*!40000 ALTER TABLE `triv_assets` DISABLE KEYS */;
INSERT INTO `triv_assets` VALUES (1,0,0,71,0,'root.1','Root Asset','{\"core.login.site\":{\"6\":1,\"2\":1},\"core.login.admin\":{\"6\":1},\"core.login.offline\":{\"6\":1},\"core.admin\":{\"8\":1},\"core.manage\":{\"7\":1},\"core.create\":{\"6\":1,\"3\":1},\"core.delete\":{\"6\":1},\"core.edit\":{\"6\":1,\"4\":1},\"core.edit.state\":{\"6\":1,\"5\":1},\"core.edit.own\":{\"6\":1,\"3\":1}}'),(2,1,1,2,1,'com_admin','com_admin','{}'),(3,1,3,6,1,'com_banners','com_banners','{\"core.admin\":{\"7\":1},\"core.manage\":{\"6\":1},\"core.create\":[],\"core.delete\":[],\"core.edit\":[],\"core.edit.state\":[]}'),(4,1,7,8,1,'com_cache','com_cache','{\"core.admin\":{\"7\":1},\"core.manage\":{\"7\":1}}'),(5,1,9,10,1,'com_checkin','com_checkin','{\"core.admin\":{\"7\":1},\"core.manage\":{\"7\":1}}'),(6,1,11,12,1,'com_config','com_config','{}'),(7,1,13,16,1,'com_contact','com_contact','{\"core.admin\":{\"7\":1},\"core.manage\":{\"6\":1},\"core.create\":[],\"core.delete\":[],\"core.edit\":[],\"core.edit.state\":[],\"core.edit.own\":[]}'),(8,1,17,20,1,'com_content','com_content','{\"core.admin\":{\"7\":1},\"core.manage\":{\"6\":1},\"core.create\":{\"3\":1},\"core.delete\":[],\"core.edit\":{\"4\":1},\"core.edit.state\":{\"5\":1},\"core.edit.own\":[]}'),(9,1,21,22,1,'com_cpanel','com_cpanel','{}'),(10,1,23,24,1,'com_installer','com_installer','{\"core.admin\":[],\"core.manage\":{\"7\":0},\"core.delete\":{\"7\":0},\"core.edit.state\":{\"7\":0}}'),(11,1,25,26,1,'com_languages','com_languages','{\"core.admin\":{\"7\":1},\"core.manage\":[],\"core.create\":[],\"core.delete\":[],\"core.edit\":[],\"core.edit.state\":[]}'),(12,1,27,28,1,'com_login','com_login','{}'),(13,1,29,30,1,'com_mailto','com_mailto','{}'),(14,1,31,32,1,'com_massmail','com_massmail','{}'),(15,1,33,34,1,'com_media','com_media','{\"core.admin\":{\"7\":1},\"core.manage\":{\"6\":1},\"core.create\":{\"3\":1},\"core.delete\":{\"5\":1}}'),(16,1,35,36,1,'com_menus','com_menus','{\"core.admin\":{\"7\":1},\"core.manage\":[],\"core.create\":[],\"core.delete\":[],\"core.edit\":[],\"core.edit.state\":[]}'),(17,1,37,38,1,'com_messages','com_messages','{\"core.admin\":{\"7\":1},\"core.manage\":{\"7\":1}}'),(18,1,39,40,1,'com_modules','com_modules','{\"core.admin\":{\"7\":1},\"core.manage\":[],\"core.create\":[],\"core.delete\":[],\"core.edit\":[],\"core.edit.state\":[]}'),(19,1,41,44,1,'com_newsfeeds','com_newsfeeds','{\"core.admin\":{\"7\":1},\"core.manage\":{\"6\":1},\"core.create\":[],\"core.delete\":[],\"core.edit\":[],\"core.edit.state\":[],\"core.edit.own\":[]}'),(20,1,45,46,1,'com_plugins','com_plugins','{\"core.admin\":{\"7\":1},\"core.manage\":[],\"core.edit\":[],\"core.edit.state\":[]}'),(21,1,47,48,1,'com_redirect','com_redirect','{\"core.admin\":{\"7\":1},\"core.manage\":[]}'),(22,1,49,50,1,'com_search','com_search','{\"core.admin\":{\"7\":1},\"core.manage\":{\"6\":1}}'),(23,1,51,52,1,'com_templates','com_templates','{\"core.admin\":{\"7\":1},\"core.manage\":[],\"core.create\":[],\"core.delete\":[],\"core.edit\":[],\"core.edit.state\":[]}'),(24,1,53,56,1,'com_users','com_users','{\"core.admin\":{\"7\":1},\"core.manage\":[],\"core.create\":[],\"core.delete\":[],\"core.edit\":[],\"core.edit.state\":[]}'),(25,1,57,60,1,'com_weblinks','com_weblinks','{\"core.admin\":{\"7\":1},\"core.manage\":{\"6\":1},\"core.create\":{\"3\":1},\"core.delete\":[],\"core.edit\":{\"4\":1},\"core.edit.state\":{\"5\":1},\"core.edit.own\":[]}'),(26,1,61,62,1,'com_wrapper','com_wrapper','{}'),(27,8,18,19,2,'com_content.category.2','Uncategorised','{\"core.create\":[],\"core.delete\":[],\"core.edit\":[],\"core.edit.state\":[],\"core.edit.own\":[]}'),(28,3,4,5,2,'com_banners.category.3','Uncategorised','{\"core.create\":[],\"core.delete\":[],\"core.edit\":[],\"core.edit.state\":[]}'),(29,7,14,15,2,'com_contact.category.4','Uncategorised','{\"core.create\":[],\"core.delete\":[],\"core.edit\":[],\"core.edit.state\":[],\"core.edit.own\":[]}'),(30,19,42,43,2,'com_newsfeeds.category.5','Uncategorised','{\"core.create\":[],\"core.delete\":[],\"core.edit\":[],\"core.edit.state\":[],\"core.edit.own\":[]}'),(31,25,58,59,2,'com_weblinks.category.6','Uncategorised','{\"core.create\":[],\"core.delete\":[],\"core.edit\":[],\"core.edit.state\":[],\"core.edit.own\":[]}'),(32,24,54,55,1,'com_users.category.7','Uncategorised','{\"core.create\":[],\"core.delete\":[],\"core.edit\":[],\"core.edit.state\":[]}'),(33,1,63,64,1,'com_finder','com_finder','{\"core.admin\":{\"7\":1},\"core.manage\":{\"6\":1}}'),(34,1,65,66,1,'com_joomlaupdate','com_joomlaupdate','{\"core.admin\":[],\"core.manage\":[],\"core.delete\":[],\"core.edit.state\":[]}'),(35,1,67,68,1,'com_tags','com_tags','{\"core.admin\":[],\"core.manage\":[],\"core.manage\":[],\"core.delete\":[],\"core.edit.state\":[]}'),(36,1,69,70,1,'com_games','games','{}');
/*!40000 ALTER TABLE `triv_assets` ENABLE KEYS */;
UNLOCK TABLES;

--
-- Table structure for table `triv_associations`
--

DROP TABLE IF EXISTS `triv_associations`;
/*!40101 SET @saved_cs_client     = @@character_set_client */;
/*!40101 SET character_set_client = utf8 */;
CREATE TABLE `triv_associations` (
  `id` int(11) NOT NULL COMMENT 'A reference to the associated item.',
  `context` varchar(50) NOT NULL COMMENT 'The context of the associated item.',
  `key` char(32) NOT NULL COMMENT 'The key for the association computed from an md5 on associated ids.',
  PRIMARY KEY (`context`,`id`),
  KEY `idx_key` (`key`)
) ENGINE=InnoDB DEFAULT CHARSET=utf8;
/*!40101 SET character_set_client = @saved_cs_client */;

--
-- Dumping data for table `triv_associations`
--

LOCK TABLES `triv_associations` WRITE;
/*!40000 ALTER TABLE `triv_associations` DISABLE KEYS */;
/*!40000 ALTER TABLE `triv_associations` ENABLE KEYS */;
UNLOCK TABLES;

--
-- Table structure for table `triv_banner_clients`
--

DROP TABLE IF EXISTS `triv_banner_clients`;
/*!40101 SET @saved_cs_client     = @@character_set_client */;
/*!40101 SET character_set_client = utf8 */;
CREATE TABLE `triv_banner_clients` (
  `id` int(11) NOT NULL AUTO_INCREMENT,
  `name` varchar(255) NOT NULL DEFAULT '',
  `contact` varchar(255) NOT NULL DEFAULT '',
  `email` varchar(255) NOT NULL DEFAULT '',
  `extrainfo` text NOT NULL,
  `state` tinyint(3) NOT NULL DEFAULT '0',
  `checked_out` int(10) unsigned NOT NULL DEFAULT '0',
  `checked_out_time` datetime NOT NULL DEFAULT '0000-00-00 00:00:00',
  `metakey` text NOT NULL,
  `own_prefix` tinyint(4) NOT NULL DEFAULT '0',
  `metakey_prefix` varchar(255) NOT NULL DEFAULT '',
  `purchase_type` tinyint(4) NOT NULL DEFAULT '-1',
  `track_clicks` tinyint(4) NOT NULL DEFAULT '-1',
  `track_impressions` tinyint(4) NOT NULL DEFAULT '-1',
  PRIMARY KEY (`id`),
  KEY `idx_own_prefix` (`own_prefix`),
  KEY `idx_metakey_prefix` (`metakey_prefix`)
) ENGINE=InnoDB DEFAULT CHARSET=utf8;
/*!40101 SET character_set_client = @saved_cs_client */;

--
-- Dumping data for table `triv_banner_clients`
--

LOCK TABLES `triv_banner_clients` WRITE;
/*!40000 ALTER TABLE `triv_banner_clients` DISABLE KEYS */;
/*!40000 ALTER TABLE `triv_banner_clients` ENABLE KEYS */;
UNLOCK TABLES;

--
-- Table structure for table `triv_banner_tracks`
--

DROP TABLE IF EXISTS `triv_banner_tracks`;
/*!40101 SET @saved_cs_client     = @@character_set_client */;
/*!40101 SET character_set_client = utf8 */;
CREATE TABLE `triv_banner_tracks` (
  `track_date` datetime NOT NULL,
  `track_type` int(10) unsigned NOT NULL,
  `banner_id` int(10) unsigned NOT NULL,
  `count` int(10) unsigned NOT NULL DEFAULT '0',
  PRIMARY KEY (`track_date`,`track_type`,`banner_id`),
  KEY `idx_track_date` (`track_date`),
  KEY `idx_track_type` (`track_type`),
  KEY `idx_banner_id` (`banner_id`)
) ENGINE=InnoDB DEFAULT CHARSET=utf8;
/*!40101 SET character_set_client = @saved_cs_client */;

--
-- Dumping data for table `triv_banner_tracks`
--

LOCK TABLES `triv_banner_tracks` WRITE;
/*!40000 ALTER TABLE `triv_banner_tracks` DISABLE KEYS */;
/*!40000 ALTER TABLE `triv_banner_tracks` ENABLE KEYS */;
UNLOCK TABLES;

--
-- Table structure for table `triv_banners`
--

DROP TABLE IF EXISTS `triv_banners`;
/*!40101 SET @saved_cs_client     = @@character_set_client */;
/*!40101 SET character_set_client = utf8 */;
CREATE TABLE `triv_banners` (
  `id` int(11) NOT NULL AUTO_INCREMENT,
  `cid` int(11) NOT NULL DEFAULT '0',
  `type` int(11) NOT NULL DEFAULT '0',
  `name` varchar(255) NOT NULL DEFAULT '',
  `alias` varchar(255) CHARACTER SET utf8 COLLATE utf8_bin NOT NULL DEFAULT '',
  `imptotal` int(11) NOT NULL DEFAULT '0',
  `impmade` int(11) NOT NULL DEFAULT '0',
  `clicks` int(11) NOT NULL DEFAULT '0',
  `clickurl` varchar(200) NOT NULL DEFAULT '',
  `state` tinyint(3) NOT NULL DEFAULT '0',
  `catid` int(10) unsigned NOT NULL DEFAULT '0',
  `description` text NOT NULL,
  `custombannercode` varchar(2048) NOT NULL,
  `sticky` tinyint(1) unsigned NOT NULL DEFAULT '0',
  `ordering` int(11) NOT NULL DEFAULT '0',
  `metakey` text NOT NULL,
  `params` text NOT NULL,
  `own_prefix` tinyint(1) NOT NULL DEFAULT '0',
  `metakey_prefix` varchar(255) NOT NULL DEFAULT '',
  `purchase_type` tinyint(4) NOT NULL DEFAULT '-1',
  `track_clicks` tinyint(4) NOT NULL DEFAULT '-1',
  `track_impressions` tinyint(4) NOT NULL DEFAULT '-1',
  `checked_out` int(10) unsigned NOT NULL DEFAULT '0',
  `checked_out_time` datetime NOT NULL DEFAULT '0000-00-00 00:00:00',
  `publish_up` datetime NOT NULL DEFAULT '0000-00-00 00:00:00',
  `publish_down` datetime NOT NULL DEFAULT '0000-00-00 00:00:00',
  `reset` datetime NOT NULL DEFAULT '0000-00-00 00:00:00',
  `created` datetime NOT NULL DEFAULT '0000-00-00 00:00:00',
  `language` char(7) NOT NULL DEFAULT '',
  `created_by` int(10) unsigned NOT NULL DEFAULT '0',
  `created_by_alias` varchar(255) NOT NULL DEFAULT '',
  `modified` datetime NOT NULL DEFAULT '0000-00-00 00:00:00',
  `modified_by` int(10) unsigned NOT NULL DEFAULT '0',
  `version` int(10) unsigned NOT NULL DEFAULT '1',
  PRIMARY KEY (`id`),
  KEY `idx_state` (`state`),
  KEY `idx_own_prefix` (`own_prefix`),
  KEY `idx_metakey_prefix` (`metakey_prefix`),
  KEY `idx_banner_catid` (`catid`),
  KEY `idx_language` (`language`)
) ENGINE=InnoDB DEFAULT CHARSET=utf8;
/*!40101 SET character_set_client = @saved_cs_client */;

--
-- Dumping data for table `triv_banners`
--

LOCK TABLES `triv_banners` WRITE;
/*!40000 ALTER TABLE `triv_banners` DISABLE KEYS */;
/*!40000 ALTER TABLE `triv_banners` ENABLE KEYS */;
UNLOCK TABLES;

--
-- Table structure for table `triv_categories`
--

DROP TABLE IF EXISTS `triv_categories`;
/*!40101 SET @saved_cs_client     = @@character_set_client */;
/*!40101 SET character_set_client = utf8 */;
CREATE TABLE `triv_categories` (
  `id` int(11) NOT NULL AUTO_INCREMENT,
  `asset_id` int(10) unsigned NOT NULL DEFAULT '0' COMMENT 'FK to the #__assets table.',
  `parent_id` int(10) unsigned NOT NULL DEFAULT '0',
  `lft` int(11) NOT NULL DEFAULT '0',
  `rgt` int(11) NOT NULL DEFAULT '0',
  `level` int(10) unsigned NOT NULL DEFAULT '0',
  `path` varchar(255) NOT NULL DEFAULT '',
  `extension` varchar(50) NOT NULL DEFAULT '',
  `title` varchar(255) NOT NULL,
  `alias` varchar(255) CHARACTER SET utf8 COLLATE utf8_bin NOT NULL DEFAULT '',
  `note` varchar(255) NOT NULL DEFAULT '',
  `description` mediumtext NOT NULL,
  `published` tinyint(1) NOT NULL DEFAULT '0',
  `checked_out` int(11) unsigned NOT NULL DEFAULT '0',
  `checked_out_time` datetime NOT NULL DEFAULT '0000-00-00 00:00:00',
  `access` int(10) unsigned NOT NULL DEFAULT '0',
  `params` text NOT NULL,
  `metadesc` varchar(1024) NOT NULL COMMENT 'The meta description for the page.',
  `metakey` varchar(1024) NOT NULL COMMENT 'The meta keywords for the page.',
  `metadata` varchar(2048) NOT NULL COMMENT 'JSON encoded metadata properties.',
  `created_user_id` int(10) unsigned NOT NULL DEFAULT '0',
  `created_time` datetime NOT NULL DEFAULT '0000-00-00 00:00:00',
  `modified_user_id` int(10) unsigned NOT NULL DEFAULT '0',
  `modified_time` datetime NOT NULL DEFAULT '0000-00-00 00:00:00',
  `hits` int(10) unsigned NOT NULL DEFAULT '0',
  `language` char(7) NOT NULL,
  `version` int(10) unsigned NOT NULL DEFAULT '1',
  PRIMARY KEY (`id`),
  KEY `cat_idx` (`extension`,`published`,`access`),
  KEY `idx_access` (`access`),
  KEY `idx_checkout` (`checked_out`),
  KEY `idx_path` (`path`),
  KEY `idx_left_right` (`lft`,`rgt`),
  KEY `idx_alias` (`alias`),
  KEY `idx_language` (`language`)
) ENGINE=InnoDB AUTO_INCREMENT=8 DEFAULT CHARSET=utf8;
/*!40101 SET character_set_client = @saved_cs_client */;

--
-- Dumping data for table `triv_categories`
--

LOCK TABLES `triv_categories` WRITE;
/*!40000 ALTER TABLE `triv_categories` DISABLE KEYS */;
INSERT INTO `triv_categories` VALUES (1,0,0,0,13,0,'','system','ROOT','root','','',1,0,'0000-00-00 00:00:00',1,'{}','','','',42,'2011-01-01 00:00:01',0,'0000-00-00 00:00:00',0,'*',1),(2,27,1,1,2,1,'uncategorised','com_content','Uncategorised','uncategorised','','',1,0,'0000-00-00 00:00:00',1,'{\"target\":\"\",\"image\":\"\"}','','','{\"page_title\":\"\",\"author\":\"\",\"robots\":\"\"}',42,'2011-01-01 00:00:01',0,'0000-00-00 00:00:00',0,'*',1),(3,28,1,3,4,1,'uncategorised','com_banners','Uncategorised','uncategorised','','',1,0,'0000-00-00 00:00:00',1,'{\"target\":\"\",\"image\":\"\",\"foobar\":\"\"}','','','{\"page_title\":\"\",\"author\":\"\",\"robots\":\"\"}',42,'2011-01-01 00:00:01',0,'0000-00-00 00:00:00',0,'*',1),(4,29,1,5,6,1,'uncategorised','com_contact','Uncategorised','uncategorised','','',1,0,'0000-00-00 00:00:00',1,'{\"target\":\"\",\"image\":\"\"}','','','{\"page_title\":\"\",\"author\":\"\",\"robots\":\"\"}',42,'2011-01-01 00:00:01',0,'0000-00-00 00:00:00',0,'*',1),(5,30,1,7,8,1,'uncategorised','com_newsfeeds','Uncategorised','uncategorised','','',1,0,'0000-00-00 00:00:00',1,'{\"target\":\"\",\"image\":\"\"}','','','{\"page_title\":\"\",\"author\":\"\",\"robots\":\"\"}',42,'2011-01-01 00:00:01',0,'0000-00-00 00:00:00',0,'*',1),(6,31,1,9,10,1,'uncategorised','com_weblinks','Uncategorised','uncategorised','','',1,0,'0000-00-00 00:00:00',1,'{\"target\":\"\",\"image\":\"\"}','','','{\"page_title\":\"\",\"author\":\"\",\"robots\":\"\"}',42,'2011-01-01 00:00:01',0,'0000-00-00 00:00:00',0,'*',1),(7,32,1,11,12,1,'uncategorised','com_users','Uncategorised','uncategorised','','',1,0,'0000-00-00 00:00:00',1,'{\"target\":\"\",\"image\":\"\"}','','','{\"page_title\":\"\",\"author\":\"\",\"robots\":\"\"}',42,'2011-01-01 00:00:01',0,'0000-00-00 00:00:00',0,'*',1);
/*!40000 ALTER TABLE `triv_categories` ENABLE KEYS */;
UNLOCK TABLES;

--
-- Table structure for table `triv_contact_details`
--

DROP TABLE IF EXISTS `triv_contact_details`;
/*!40101 SET @saved_cs_client     = @@character_set_client */;
/*!40101 SET character_set_client = utf8 */;
CREATE TABLE `triv_contact_details` (
  `id` int(11) NOT NULL AUTO_INCREMENT,
  `name` varchar(255) NOT NULL DEFAULT '',
  `alias` varchar(255) CHARACTER SET utf8 COLLATE utf8_bin NOT NULL DEFAULT '',
  `con_position` varchar(255) DEFAULT NULL,
  `address` text,
  `suburb` varchar(100) DEFAULT NULL,
  `state` varchar(100) DEFAULT NULL,
  `country` varchar(100) DEFAULT NULL,
  `postcode` varchar(100) DEFAULT NULL,
  `telephone` varchar(255) DEFAULT NULL,
  `fax` varchar(255) DEFAULT NULL,
  `misc` mediumtext,
  `image` varchar(255) DEFAULT NULL,
  `email_to` varchar(255) DEFAULT NULL,
  `default_con` tinyint(1) unsigned NOT NULL DEFAULT '0',
  `published` tinyint(1) NOT NULL DEFAULT '0',
  `checked_out` int(10) unsigned NOT NULL DEFAULT '0',
  `checked_out_time` datetime NOT NULL DEFAULT '0000-00-00 00:00:00',
  `ordering` int(11) NOT NULL DEFAULT '0',
  `params` text NOT NULL,
  `user_id` int(11) NOT NULL DEFAULT '0',
  `catid` int(11) NOT NULL DEFAULT '0',
  `access` int(10) unsigned NOT NULL DEFAULT '0',
  `mobile` varchar(255) NOT NULL DEFAULT '',
  `webpage` varchar(255) NOT NULL DEFAULT '',
  `sortname1` varchar(255) NOT NULL,
  `sortname2` varchar(255) NOT NULL,
  `sortname3` varchar(255) NOT NULL,
  `language` char(7) NOT NULL,
  `created` datetime NOT NULL DEFAULT '0000-00-00 00:00:00',
  `created_by` int(10) unsigned NOT NULL DEFAULT '0',
  `created_by_alias` varchar(255) NOT NULL DEFAULT '',
  `modified` datetime NOT NULL DEFAULT '0000-00-00 00:00:00',
  `modified_by` int(10) unsigned NOT NULL DEFAULT '0',
  `metakey` text NOT NULL,
  `metadesc` text NOT NULL,
  `metadata` text NOT NULL,
  `featured` tinyint(3) unsigned NOT NULL DEFAULT '0' COMMENT 'Set if article is featured.',
  `xreference` varchar(50) NOT NULL COMMENT 'A reference to enable linkages to external data sets.',
  `publish_up` datetime NOT NULL DEFAULT '0000-00-00 00:00:00',
  `publish_down` datetime NOT NULL DEFAULT '0000-00-00 00:00:00',
  `version` int(10) unsigned NOT NULL DEFAULT '1',
  `hits` int(10) unsigned NOT NULL DEFAULT '0',
  PRIMARY KEY (`id`),
  KEY `idx_access` (`access`),
  KEY `idx_checkout` (`checked_out`),
  KEY `idx_state` (`published`),
  KEY `idx_catid` (`catid`),
  KEY `idx_createdby` (`created_by`),
  KEY `idx_featured_catid` (`featured`,`catid`),
  KEY `idx_language` (`language`),
  KEY `idx_xreference` (`xreference`)
) ENGINE=InnoDB DEFAULT CHARSET=utf8;
/*!40101 SET character_set_client = @saved_cs_client */;

--
-- Dumping data for table `triv_contact_details`
--

LOCK TABLES `triv_contact_details` WRITE;
/*!40000 ALTER TABLE `triv_contact_details` DISABLE KEYS */;
/*!40000 ALTER TABLE `triv_contact_details` ENABLE KEYS */;
UNLOCK TABLES;

--
-- Table structure for table `triv_content`
--

DROP TABLE IF EXISTS `triv_content`;
/*!40101 SET @saved_cs_client     = @@character_set_client */;
/*!40101 SET character_set_client = utf8 */;
CREATE TABLE `triv_content` (
  `id` int(10) unsigned NOT NULL AUTO_INCREMENT,
  `asset_id` int(10) unsigned NOT NULL DEFAULT '0' COMMENT 'FK to the #__assets table.',
  `title` varchar(255) NOT NULL DEFAULT '',
  `alias` varchar(255) CHARACTER SET utf8 COLLATE utf8_bin NOT NULL DEFAULT '',
  `introtext` mediumtext NOT NULL,
  `fulltext` mediumtext NOT NULL,
  `state` tinyint(3) NOT NULL DEFAULT '0',
  `catid` int(10) unsigned NOT NULL DEFAULT '0',
  `created` datetime NOT NULL DEFAULT '0000-00-00 00:00:00',
  `created_by` int(10) unsigned NOT NULL DEFAULT '0',
  `created_by_alias` varchar(255) NOT NULL DEFAULT '',
  `modified` datetime NOT NULL DEFAULT '0000-00-00 00:00:00',
  `modified_by` int(10) unsigned NOT NULL DEFAULT '0',
  `checked_out` int(10) unsigned NOT NULL DEFAULT '0',
  `checked_out_time` datetime NOT NULL DEFAULT '0000-00-00 00:00:00',
  `publish_up` datetime NOT NULL DEFAULT '0000-00-00 00:00:00',
  `publish_down` datetime NOT NULL DEFAULT '0000-00-00 00:00:00',
  `images` text NOT NULL,
  `urls` text NOT NULL,
  `attribs` varchar(5120) NOT NULL,
  `version` int(10) unsigned NOT NULL DEFAULT '1',
  `ordering` int(11) NOT NULL DEFAULT '0',
  `metakey` text NOT NULL,
  `metadesc` text NOT NULL,
  `access` int(10) unsigned NOT NULL DEFAULT '0',
  `hits` int(10) unsigned NOT NULL DEFAULT '0',
  `metadata` text NOT NULL,
  `featured` tinyint(3) unsigned NOT NULL DEFAULT '0' COMMENT 'Set if article is featured.',
  `language` char(7) NOT NULL COMMENT 'The language code for the article.',
  `xreference` varchar(50) NOT NULL COMMENT 'A reference to enable linkages to external data sets.',
  PRIMARY KEY (`id`),
  KEY `idx_access` (`access`),
  KEY `idx_checkout` (`checked_out`),
  KEY `idx_state` (`state`),
  KEY `idx_catid` (`catid`),
  KEY `idx_createdby` (`created_by`),
  KEY `idx_featured_catid` (`featured`,`catid`),
  KEY `idx_language` (`language`),
  KEY `idx_xreference` (`xreference`)
) ENGINE=InnoDB DEFAULT CHARSET=utf8;
/*!40101 SET character_set_client = @saved_cs_client */;

--
-- Dumping data for table `triv_content`
--

LOCK TABLES `triv_content` WRITE;
/*!40000 ALTER TABLE `triv_content` DISABLE KEYS */;
/*!40000 ALTER TABLE `triv_content` ENABLE KEYS */;
UNLOCK TABLES;

--
-- Table structure for table `triv_content_frontpage`
--

DROP TABLE IF EXISTS `triv_content_frontpage`;
/*!40101 SET @saved_cs_client     = @@character_set_client */;
/*!40101 SET character_set_client = utf8 */;
CREATE TABLE `triv_content_frontpage` (
  `content_id` int(11) NOT NULL DEFAULT '0',
  `ordering` int(11) NOT NULL DEFAULT '0',
  PRIMARY KEY (`content_id`)
) ENGINE=InnoDB DEFAULT CHARSET=utf8;
/*!40101 SET character_set_client = @saved_cs_client */;

--
-- Dumping data for table `triv_content_frontpage`
--

LOCK TABLES `triv_content_frontpage` WRITE;
/*!40000 ALTER TABLE `triv_content_frontpage` DISABLE KEYS */;
/*!40000 ALTER TABLE `triv_content_frontpage` ENABLE KEYS */;
UNLOCK TABLES;

--
-- Table structure for table `triv_content_rating`
--

DROP TABLE IF EXISTS `triv_content_rating`;
/*!40101 SET @saved_cs_client     = @@character_set_client */;
/*!40101 SET character_set_client = utf8 */;
CREATE TABLE `triv_content_rating` (
  `content_id` int(11) NOT NULL DEFAULT '0',
  `rating_sum` int(10) unsigned NOT NULL DEFAULT '0',
  `rating_count` int(10) unsigned NOT NULL DEFAULT '0',
  `lastip` varchar(50) NOT NULL DEFAULT '',
  PRIMARY KEY (`content_id`)
) ENGINE=InnoDB DEFAULT CHARSET=utf8;
/*!40101 SET character_set_client = @saved_cs_client */;

--
-- Dumping data for table `triv_content_rating`
--

LOCK TABLES `triv_content_rating` WRITE;
/*!40000 ALTER TABLE `triv_content_rating` DISABLE KEYS */;
/*!40000 ALTER TABLE `triv_content_rating` ENABLE KEYS */;
UNLOCK TABLES;

--
-- Table structure for table `triv_content_types`
--

DROP TABLE IF EXISTS `triv_content_types`;
/*!40101 SET @saved_cs_client     = @@character_set_client */;
/*!40101 SET character_set_client = utf8 */;
CREATE TABLE `triv_content_types` (
  `type_id` int(10) unsigned NOT NULL AUTO_INCREMENT,
  `type_title` varchar(255) NOT NULL DEFAULT '',
  `type_alias` varchar(255) NOT NULL DEFAULT '',
  `table` varchar(255) NOT NULL DEFAULT '',
  `rules` text NOT NULL,
  `field_mappings` text NOT NULL,
  `router` varchar(255) NOT NULL DEFAULT '',
  PRIMARY KEY (`type_id`),
  KEY `idx_alias` (`type_alias`)
) ENGINE=InnoDB AUTO_INCREMENT=11 DEFAULT CHARSET=utf8;
/*!40101 SET character_set_client = @saved_cs_client */;

--
-- Dumping data for table `triv_content_types`
--

LOCK TABLES `triv_content_types` WRITE;
/*!40000 ALTER TABLE `triv_content_types` DISABLE KEYS */;
INSERT INTO `triv_content_types` VALUES (1,'Article','com_content.article','{\"special\":{\"dbtable\":\"#__content\",\"key\":\"id\",\"type\":\"Content\",\"prefix\":\"JTable\",\"config\":\"array()\"},\"common\":{\"dbtable\":\"#__core_content\",\"key\":\"ucm_id\",\"type\":\"Corecontent\",\"prefix\":\"JTable\",\"config\":\"array()\"}}','','{\"common\":[{\"core_content_item_id\":\"id\",\"core_title\":\"title\",\"core_state\":\"state\",\"core_alias\":\"alias\",\"core_created_time\":\"created\",\"core_modified_time\":\"modified\",\"core_body\":\"introtext\", \"core_hits\":\"hits\",\"core_publish_up\":\"publish_up\",\"core_publish_down\":\"publish_down\",\"core_access\":\"access\", \"core_params\":\"attribs\", \"core_featured\":\"featured\", \"core_metadata\":\"metadata\", \"core_language\":\"language\", \"core_images\":\"images\", \"core_urls\":\"urls\", \"core_version\":\"version\", \"core_ordering\":\"ordering\", \"core_metakey\":\"metakey\", \"core_metadesc\":\"metadesc\", \"core_catid\":\"catid\", \"core_xreference\":\"xreference\", \"asset_id\":\"asset_id\"}], \"special\": [{\"fulltext\":\"fulltext\"}]}','ContentHelperRoute::getArticleRoute'),(2,'Weblink','com_weblinks.weblink','{\"special\":{\"dbtable\":\"#__weblinks\",\"key\":\"id\",\"type\":\"Weblink\",\"prefix\":\"WeblinksTable\",\"config\":\"array()\"},\"common\":{\"dbtable\":\"#__core_content\",\"key\":\"ucm_id\",\"type\":\"Corecontent\",\"prefix\":\"JTable\",\"config\":\"array()\"}}','','{\"common\":[{\"core_content_item_id\":\"id\",\"core_title\":\"title\",\"core_state\":\"state\",\"core_alias\":\"alias\",\"core_created_time\":\"created\",\"core_modified_time\":\"modified\",\"core_body\":\"description\", \"core_hits\":\"hits\",\"core_publish_up\":\"publish_up\",\"core_publish_down\":\"publish_down\",\"core_access\":\"access\", \"core_params\":\"params\", \"core_featured\":\"featured\", \"core_metadata\":\"metadata\", \"core_language\":\"language\", \"core_images\":\"images\", \"core_urls\":\"urls\", \"core_version\":\"version\", \"core_ordering\":\"ordering\", \"core_metakey\":\"metakey\", \"core_metadesc\":\"metadesc\", \"core_catid\":\"catid\", \"core_xreference\":\"xreference\", \"asset_id\":\"null\"}], \"special\": []}','WeblinksHelperRoute::getWeblinkRoute'),(3,'Contact','com_contact.contact','{\"special\":{\"dbtable\":\"#__contact_details\",\"key\":\"id\",\"type\":\"Contact\",\"prefix\":\"ContactTable\",\"config\":\"array()\"},\"common\":{\"dbtable\":\"#__core_content\",\"key\":\"ucm_id\",\"type\":\"Corecontent\",\"prefix\":\"JTable\",\"config\":\"array()\"}}','','{\"common\":[{\"core_content_item_id\":\"id\",\"core_title\":\"name\",\"core_state\":\"published\",\"core_alias\":\"alias\",\"core_created_time\":\"created\",\"core_modified_time\":\"modified\",\"core_body\":\"address\", \"core_hits\":\"hits\",\"core_publish_up\":\"publish_up\",\"core_publish_down\":\"publish_down\",\"core_access\":\"access\", \"core_params\":\"params\", \"core_featured\":\"featured\", \"core_metadata\":\"metadata\", \"core_language\":\"language\", \"core_images\":\"image\", \"core_urls\":\"webpage\", \"core_version\":\"version\", \"core_ordering\":\"ordering\", \"core_metakey\":\"metakey\", \"core_metadesc\":\"metadesc\", \"core_catid\":\"catid\", \"core_xreference\":\"xreference\", \"asset_id\":\"null\"}], \"special\": [{\"con_position\":\"con_position\",\"suburb\":\"suburb\",\"state\":\"state\",\"country\":\"country\",\"postcode\":\"postcode\",\"telephone\":\"telephone\",\"fax\":\"fax\",\"misc\":\"misc\",\"email_to\":\"email_to\",\"default_con\":\"default_con\",\"user_id\":\"user_id\",\"mobile\":\"mobile\",\"sortname1\":\"sortname1\",\"sortname2\":\"sortname2\",\"sortname3\":\"sortname3\"}]}','ContactHelperRoute::getContactRoute'),(4,'Newsfeed','com_newsfeeds.newsfeed','{\"special\":{\"dbtable\":\"#__newsfeeds\",\"key\":\"id\",\"type\":\"Newsfeed\",\"prefix\":\"NewsfeedsTable\",\"config\":\"array()\"},\"common\":{\"dbtable\":\"#__core_content\",\"key\":\"ucm_id\",\"type\":\"Corecontent\",\"prefix\":\"JTable\",\"config\":\"array()\"}}','','{\"common\":[{\"core_content_item_id\":\"id\",\"core_title\":\"name\",\"core_state\":\"published\",\"core_alias\":\"alias\",\"core_created_time\":\"created\",\"core_modified_time\":\"modified\",\"core_body\":\"description\", \"core_hits\":\"hits\",\"core_publish_up\":\"publish_up\",\"core_publish_down\":\"publish_down\",\"core_access\":\"access\", \"core_params\":\"params\", \"core_featured\":\"featured\", \"core_metadata\":\"metadata\", \"core_language\":\"language\", \"core_images\":\"images\", \"core_urls\":\"link\", \"core_version\":\"version\", \"core_ordering\":\"ordering\", \"core_metakey\":\"metakey\", \"core_metadesc\":\"metadesc\", \"core_catid\":\"catid\", \"core_xreference\":\"xreference\", \"asset_id\":\"null\"}], \"special\": [{\"numarticles\":\"numarticles\",\"cache_time\":\"cache_time\",\"rtl\":\"rtl\"}]}','NewsfeedsHelperRoute::getNewsfeedRoute'),(5,'User','com_users.user','{\"special\":{\"dbtable\":\"#__users\",\"key\":\"id\",\"type\":\"User\",\"prefix\":\"JTable\",\"config\":\"array()\"},\"common\":{\"dbtable\":\"#__core_content\",\"key\":\"ucm_id\",\"type\":\"Corecontent\",\"prefix\":\"JTable\",\"config\":\"array()\"}}','','{\"common\":[{\"core_content_item_id\":\"id\",\"core_title\":\"name\",\"core_state\":\"null\",\"core_alias\":\"username\",\"core_created_time\":\"registerdate\",\"core_modified_time\":\"lastvisitDate\",\"core_body\":\"null\", \"core_hits\":\"null\",\"core_publish_up\":\"null\",\"core_publish_down\":\"null\",\"access\":\"null\", \"core_params\":\"params\", \"core_featured\":\"null\", \"core_metadata\":\"null\", \"core_language\":\"null\", \"core_images\":\"null\", \"core_urls\":\"null\", \"core_version\":\"null\", \"core_ordering\":\"null\", \"core_metakey\":\"null\", \"core_metadesc\":\"null\", \"core_catid\":\"null\", \"core_xreference\":\"null\", \"asset_id\":\"null\"}], \"special\": [{}]}','UsersHelperRoute::getUserRoute'),(6,'Article Category','com_content.category','{\"special\":{\"dbtable\":\"#__categories\",\"key\":\"id\",\"type\":\"Category\",\"prefix\":\"JTable\",\"config\":\"array()\"},\"common\":{\"dbtable\":\"#__core_content\",\"key\":\"ucm_id\",\"type\":\"Corecontent\",\"prefix\":\"JTable\",\"config\":\"array()\"}}','','{\"common\":[{\"core_content_item_id\":\"id\",\"core_title\":\"title\",\"core_state\":\"published\",\"core_alias\":\"alias\",\"core_created_time\":\"created_time\",\"core_modified_time\":\"modified_time\",\"core_body\":\"description\", \"core_hits\":\"hits\",\"core_publish_up\":\"null\",\"core_publish_down\":\"null\",\"core_access\":\"access\", \"core_params\":\"params\", \"core_featured\":\"null\", \"core_metadata\":\"metadata\", \"core_language\":\"language\", \"core_images\":\"null\", \"core_urls\":\"null\", \"core_version\":\"version\", \"core_ordering\":\"null\", \"core_metakey\":\"metakey\", \"core_metadesc\":\"metadesc\", \"core_catid\":\"parent_id\", \"core_xreference\":\"null\", \"asset_id\":\"asset_id\"}], \"special\": [{\"parent_id\":\"parent_id\",\"lft\":\"lft\",\"rgt\":\"rgt\",\"level\":\"level\",\"path\":\"path\",\"extension\":\"extension\",\"note\":\"note\"}]}','ContentHelperRoute::getCategoryRoute'),(7,'Contact Category','com_contact.category','{\"special\":{\"dbtable\":\"#__categories\",\"key\":\"id\",\"type\":\"Category\",\"prefix\":\"JTable\",\"config\":\"array()\"},\"common\":{\"dbtable\":\"#__core_content\",\"key\":\"ucm_id\",\"type\":\"Corecontent\",\"prefix\":\"JTable\",\"config\":\"array()\"}}','','{\"common\":[{\"core_content_item_id\":\"id\",\"core_title\":\"title\",\"core_state\":\"published\",\"core_alias\":\"alias\",\"core_created_time\":\"created_time\",\"core_modified_time\":\"modified_time\",\"core_body\":\"description\", \"core_hits\":\"hits\",\"core_publish_up\":\"null\",\"core_publish_down\":\"null\",\"core_access\":\"access\", \"core_params\":\"params\", \"core_featured\":\"null\", \"core_metadata\":\"metadata\", \"core_language\":\"language\", \"core_images\":\"null\", \"core_urls\":\"null\", \"core_version\":\"version\", \"core_ordering\":\"null\", \"core_metakey\":\"metakey\", \"core_metadesc\":\"metadesc\", \"core_catid\":\"parent_id\", \"core_xreference\":\"null\", \"asset_id\":\"asset_id\"}], \"special\": [{\"parent_id\":\"parent_id\",\"lft\":\"lft\",\"rgt\":\"rgt\",\"level\":\"level\",\"path\":\"path\",\"extension\":\"extension\",\"note\":\"note\"}]}','ContactHelperRoute::getCategoryRoute'),(8,'Newsfeeds Category','com_newsfeeds.category','{\"special\":{\"dbtable\":\"#__categories\",\"key\":\"id\",\"type\":\"Category\",\"prefix\":\"JTable\",\"config\":\"array()\"},\"common\":{\"dbtable\":\"#__core_content\",\"key\":\"ucm_id\",\"type\":\"Corecontent\",\"prefix\":\"JTable\",\"config\":\"array()\"}}','','{\"common\":[{\"core_content_item_id\":\"id\",\"core_title\":\"title\",\"core_state\":\"published\",\"core_alias\":\"alias\",\"core_created_time\":\"created_time\",\"core_modified_time\":\"modified_time\",\"core_body\":\"description\", \"core_hits\":\"hits\",\"core_publish_up\":\"null\",\"core_publish_down\":\"null\",\"core_access\":\"access\", \"core_params\":\"params\", \"core_featured\":\"null\", \"core_metadata\":\"metadata\", \"core_language\":\"language\", \"core_images\":\"null\", \"core_urls\":\"null\", \"core_version\":\"version\", \"core_ordering\":\"null\", \"core_metakey\":\"metakey\", \"core_metadesc\":\"metadesc\", \"core_catid\":\"parent_id\", \"core_xreference\":\"null\", \"asset_id\":\"asset_id\"}], \"special\": [{\"parent_id\":\"parent_id\",\"lft\":\"lft\",\"rgt\":\"rgt\",\"level\":\"level\",\"path\":\"path\",\"extension\":\"extension\",\"note\":\"note\"}]}','NewsfeedsHelperRoute::getCategoryRoute'),(9,'Weblinks Category','com_weblinks.category','{\"special\":{\"dbtable\":\"#__categories\",\"key\":\"id\",\"type\":\"Category\",\"prefix\":\"JTable\",\"config\":\"array()\"},\"common\":{\"dbtable\":\"#__core_content\",\"key\":\"ucm_id\",\"type\":\"Corecontent\",\"prefix\":\"JTable\",\"config\":\"array()\"}}','','{\"common\":[{\"core_content_item_id\":\"id\",\"core_title\":\"title\",\"core_state\":\"published\",\"core_alias\":\"alias\",\"core_created_time\":\"created_time\",\"core_modified_time\":\"modified_time\",\"core_body\":\"description\", \"core_hits\":\"hits\",\"core_publish_up\":\"null\",\"core_publish_down\":\"null\",\"core_access\":\"access\", \"core_params\":\"params\", \"core_featured\":\"null\", \"core_metadata\":\"metadata\", \"core_language\":\"language\", \"core_images\":\"null\", \"core_urls\":\"null\", \"core_version\":\"version\", \"core_ordering\":\"null\", \"core_metakey\":\"metakey\", \"core_metadesc\":\"metadesc\", \"core_catid\":\"parent_id\", \"core_xreference\":\"null\", \"asset_id\":\"asset_id\"}], \"special\": [{\"parent_id\":\"parent_id\",\"lft\":\"lft\",\"rgt\":\"rgt\",\"level\":\"level\",\"path\":\"path\",\"extension\":\"extension\",\"note\":\"note\"}]}','WeblinksHelperRoute::getCategoryRoute'),(10,'Tag','com_tags.tag','{\"special\":{\"dbtable\":\"#__tags\",\"key\":\"tag_id\",\"type\":\"Tag\",\"prefix\":\"TagsTable\",\"config\":\"array()\"},\"common\":{\"dbtable\":\"#__core_content\",\"key\":\"ucm_id\",\"type\":\"Corecontent\",\"prefix\":\"JTable\",\"config\":\"array()\"}}','','{\"common\":[{\"core_content_item_id\":\"id\",\"core_title\":\"title\",\"core_state\":\"published\",\"core_alias\":\"alias\",\"core_created_time\":\"created_time\",\"core_modified_time\":\"modified_time\",\"core_body\":\"description\", \"core_hits\":\"hits\",\"core_publish_up\":\"null\",\"core_publish_down\":\"null\",\"core_access\":\"access\", \"core_params\":\"params\", \"core_featured\":\"featured\", \"core_metadata\":\"metadata\", \"core_language\":\"language\", \"core_images\":\"images\", \"core_urls\":\"urls\", \"core_version\":\"version\", \"core_ordering\":\"null\", \"core_metakey\":\"metakey\", \"core_metadesc\":\"metadesc\", \"core_catid\":\"null\", \"core_xreference\":\"null\", \"asset_id\":\"null\"}], \"special\": [{\"parent_id\":\"parent_id\",\"lft\":\"lft\",\"rgt\":\"rgt\",\"level\":\"level\",\"path\":\"path\"}]}','TagsHelperRoute::getTagRoute');
/*!40000 ALTER TABLE `triv_content_types` ENABLE KEYS */;
UNLOCK TABLES;

--
-- Table structure for table `triv_contentitem_tag_map`
--

DROP TABLE IF EXISTS `triv_contentitem_tag_map`;
/*!40101 SET @saved_cs_client     = @@character_set_client */;
/*!40101 SET character_set_client = utf8 */;
CREATE TABLE `triv_contentitem_tag_map` (
  `type_alias` varchar(255) NOT NULL DEFAULT '',
  `core_content_id` int(10) unsigned NOT NULL COMMENT 'PK from the core content table',
  `content_item_id` int(11) NOT NULL COMMENT 'PK from the content type table',
  `tag_id` int(10) unsigned NOT NULL COMMENT 'PK from the tag table',
  `tag_date` timestamp NOT NULL DEFAULT CURRENT_TIMESTAMP ON UPDATE CURRENT_TIMESTAMP COMMENT 'Date of most recent save for this tag-item',
  `type_id` mediumint(8) NOT NULL COMMENT 'PK from the content_type table',
  UNIQUE KEY `uc_ItemnameTagid` (`type_id`,`content_item_id`,`tag_id`),
  KEY `idx_tag_type` (`tag_id`,`type_id`),
  KEY `idx_date_id` (`tag_date`,`tag_id`),
  KEY `idx_tag` (`tag_id`),
  KEY `idx_type` (`type_id`),
  KEY `idx_core_content_id` (`core_content_id`)
) ENGINE=InnoDB DEFAULT CHARSET=utf8 COMMENT='Maps items from content tables to tags';
/*!40101 SET character_set_client = @saved_cs_client */;

--
-- Dumping data for table `triv_contentitem_tag_map`
--

LOCK TABLES `triv_contentitem_tag_map` WRITE;
/*!40000 ALTER TABLE `triv_contentitem_tag_map` DISABLE KEYS */;
/*!40000 ALTER TABLE `triv_contentitem_tag_map` ENABLE KEYS */;
UNLOCK TABLES;

--
-- Table structure for table `triv_core_log_searches`
--

DROP TABLE IF EXISTS `triv_core_log_searches`;
/*!40101 SET @saved_cs_client     = @@character_set_client */;
/*!40101 SET character_set_client = utf8 */;
CREATE TABLE `triv_core_log_searches` (
  `search_term` varchar(128) NOT NULL DEFAULT '',
  `hits` int(10) unsigned NOT NULL DEFAULT '0'
) ENGINE=InnoDB DEFAULT CHARSET=utf8;
/*!40101 SET character_set_client = @saved_cs_client */;

--
-- Dumping data for table `triv_core_log_searches`
--

LOCK TABLES `triv_core_log_searches` WRITE;
/*!40000 ALTER TABLE `triv_core_log_searches` DISABLE KEYS */;
/*!40000 ALTER TABLE `triv_core_log_searches` ENABLE KEYS */;
UNLOCK TABLES;

--
-- Table structure for table `triv_extensions`
--

DROP TABLE IF EXISTS `triv_extensions`;
/*!40101 SET @saved_cs_client     = @@character_set_client */;
/*!40101 SET character_set_client = utf8 */;
CREATE TABLE `triv_extensions` (
  `extension_id` int(11) NOT NULL AUTO_INCREMENT,
  `name` varchar(100) NOT NULL,
  `type` varchar(20) NOT NULL,
  `element` varchar(100) NOT NULL,
  `folder` varchar(100) NOT NULL,
  `client_id` tinyint(3) NOT NULL,
  `enabled` tinyint(3) NOT NULL DEFAULT '1',
  `access` int(10) unsigned NOT NULL DEFAULT '1',
  `protected` tinyint(3) NOT NULL DEFAULT '0',
  `manifest_cache` text NOT NULL,
  `params` text NOT NULL,
  `custom_data` text NOT NULL,
  `system_data` text NOT NULL,
  `checked_out` int(10) unsigned NOT NULL DEFAULT '0',
  `checked_out_time` datetime NOT NULL DEFAULT '0000-00-00 00:00:00',
  `ordering` int(11) DEFAULT '0',
  `state` int(11) DEFAULT '0',
  PRIMARY KEY (`extension_id`),
  KEY `element_clientid` (`element`,`client_id`),
  KEY `element_folder_clientid` (`element`,`folder`,`client_id`),
  KEY `extension` (`type`,`element`,`folder`,`client_id`)
) ENGINE=InnoDB AUTO_INCREMENT=10004 DEFAULT CHARSET=utf8;
/*!40101 SET character_set_client = @saved_cs_client */;

--
-- Dumping data for table `triv_extensions`
--

LOCK TABLES `triv_extensions` WRITE;
/*!40000 ALTER TABLE `triv_extensions` DISABLE KEYS */;
INSERT INTO `triv_extensions` VALUES (1,'com_mailto','component','com_mailto','',0,1,1,1,'{\"name\":\"com_mailto\",\"type\":\"component\",\"creationDate\":\"April 2006\",\"author\":\"Joomla! Project\",\"copyright\":\"(C) 2005 - 2013 Open Source Matters. All rights reserved.\\t\",\"authorEmail\":\"admin@joomla.org\",\"authorUrl\":\"www.joomla.org\",\"version\":\"3.0.0\",\"description\":\"COM_MAILTO_XML_DESCRIPTION\",\"group\":\"\"}','','','',0,'0000-00-00 00:00:00',0,0),(2,'com_wrapper','component','com_wrapper','',0,1,1,1,'{\"name\":\"com_wrapper\",\"type\":\"component\",\"creationDate\":\"April 2006\",\"author\":\"Joomla! Project\",\"copyright\":\"(C) 2005 - 2013 Open Source Matters. All rights reserved.\\n\\t\",\"authorEmail\":\"admin@joomla.org\",\"authorUrl\":\"www.joomla.org\",\"version\":\"3.0.0\",\"description\":\"COM_WRAPPER_XML_DESCRIPTION\",\"group\":\"\"}','','','',0,'0000-00-00 00:00:00',0,0),(3,'com_admin','component','com_admin','',1,1,1,1,'{\"name\":\"com_admin\",\"type\":\"component\",\"creationDate\":\"April 2006\",\"author\":\"Joomla! Project\",\"copyright\":\"(C) 2005 - 2013 Open Source Matters. All rights reserved.\\n\\t\",\"authorEmail\":\"admin@joomla.org\",\"authorUrl\":\"www.joomla.org\",\"version\":\"3.0.0\",\"description\":\"COM_ADMIN_XML_DESCRIPTION\",\"group\":\"\"}','','','',0,'0000-00-00 00:00:00',0,0),(4,'com_banners','component','com_banners','',1,1,1,0,'{\"name\":\"com_banners\",\"type\":\"component\",\"creationDate\":\"April 2006\",\"author\":\"Joomla! Project\",\"copyright\":\"(C) 2005 - 2013 Open Source Matters. All rights reserved.\\n\\t\",\"authorEmail\":\"admin@joomla.org\",\"authorUrl\":\"www.joomla.org\",\"version\":\"3.0.0\",\"description\":\"COM_BANNERS_XML_DESCRIPTION\",\"group\":\"\"}','{\"purchase_type\":\"3\",\"track_impressions\":\"0\",\"track_clicks\":\"0\",\"metakey_prefix\":\"\"}','','',0,'0000-00-00 00:00:00',0,0),(5,'com_cache','component','com_cache','',1,1,1,1,'{\"name\":\"com_cache\",\"type\":\"component\",\"creationDate\":\"April 2006\",\"author\":\"Joomla! Project\",\"copyright\":\"(C) 2005 - 2013 Open Source Matters. All rights reserved.\\t\",\"authorEmail\":\"admin@joomla.org\",\"authorUrl\":\"www.joomla.org\",\"version\":\"3.0.0\",\"description\":\"COM_CACHE_XML_DESCRIPTION\",\"group\":\"\"}','','','',0,'0000-00-00 00:00:00',0,0),(6,'com_categories','component','com_categories','',1,1,1,1,'{\"name\":\"com_categories\",\"type\":\"component\",\"creationDate\":\"December 2007\",\"author\":\"Joomla! Project\",\"copyright\":\"(C) 2005 - 2013 Open Source Matters. All rights reserved.\",\"authorEmail\":\"admin@joomla.org\",\"authorUrl\":\"www.joomla.org\",\"version\":\"3.0.0\",\"description\":\"COM_CATEGORIES_XML_DESCRIPTION\",\"group\":\"\"}','','','',0,'0000-00-00 00:00:00',0,0),(7,'com_checkin','component','com_checkin','',1,1,1,1,'{\"name\":\"com_checkin\",\"type\":\"component\",\"creationDate\":\"Unknown\",\"author\":\"Joomla! Project\",\"copyright\":\"(C) 2005 - 2008 Open Source Matters. All rights reserved.\\n\\t\",\"authorEmail\":\"admin@joomla.org\",\"authorUrl\":\"www.joomla.org\",\"version\":\"3.0.0\",\"description\":\"COM_CHECKIN_XML_DESCRIPTION\",\"group\":\"\"}','','','',0,'0000-00-00 00:00:00',0,0),(8,'com_contact','component','com_contact','',1,1,1,0,'{\"name\":\"com_contact\",\"type\":\"component\",\"creationDate\":\"April 2006\",\"author\":\"Joomla! Project\",\"copyright\":\"(C) 2005 - 2013 Open Source Matters. All rights reserved.\\n\\t\",\"authorEmail\":\"admin@joomla.org\",\"authorUrl\":\"www.joomla.org\",\"version\":\"3.0.0\",\"description\":\"COM_CONTACT_XML_DESCRIPTION\",\"group\":\"\"}','{\"show_contact_category\":\"hide\",\"show_contact_list\":\"0\",\"presentation_style\":\"sliders\",\"show_name\":\"1\",\"show_position\":\"1\",\"show_email\":\"0\",\"show_street_address\":\"1\",\"show_suburb\":\"1\",\"show_state\":\"1\",\"show_postcode\":\"1\",\"show_country\":\"1\",\"show_telephone\":\"1\",\"show_mobile\":\"1\",\"show_fax\":\"1\",\"show_webpage\":\"1\",\"show_misc\":\"1\",\"show_image\":\"1\",\"image\":\"\",\"allow_vcard\":\"0\",\"show_articles\":\"0\",\"show_profile\":\"0\",\"show_links\":\"0\",\"linka_name\":\"\",\"linkb_name\":\"\",\"linkc_name\":\"\",\"linkd_name\":\"\",\"linke_name\":\"\",\"contact_icons\":\"0\",\"icon_address\":\"\",\"icon_email\":\"\",\"icon_telephone\":\"\",\"icon_mobile\":\"\",\"icon_fax\":\"\",\"icon_misc\":\"\",\"show_headings\":\"1\",\"show_position_headings\":\"1\",\"show_email_headings\":\"0\",\"show_telephone_headings\":\"1\",\"show_mobile_headings\":\"0\",\"show_fax_headings\":\"0\",\"allow_vcard_headings\":\"0\",\"show_suburb_headings\":\"1\",\"show_state_headings\":\"1\",\"show_country_headings\":\"1\",\"show_email_form\":\"1\",\"show_email_copy\":\"1\",\"banned_email\":\"\",\"banned_subject\":\"\",\"banned_text\":\"\",\"validate_session\":\"1\",\"custom_reply\":\"0\",\"redirect\":\"\",\"show_category_crumb\":\"0\",\"metakey\":\"\",\"metadesc\":\"\",\"robots\":\"\",\"author\":\"\",\"rights\":\"\",\"xreference\":\"\"}','','',0,'0000-00-00 00:00:00',0,0),(9,'com_cpanel','component','com_cpanel','',1,1,1,1,'{\"name\":\"com_cpanel\",\"type\":\"component\",\"creationDate\":\"April 2006\",\"author\":\"Joomla! Project\",\"copyright\":\"(C) 2005 - 2013 Open Source Matters. All rights reserved.\",\"authorEmail\":\"admin@joomla.org\",\"authorUrl\":\"www.joomla.org\",\"version\":\"3.0.0\",\"description\":\"COM_CPANEL_XML_DESCRIPTION\",\"group\":\"\"}','','','',0,'0000-00-00 00:00:00',0,0),(10,'com_installer','component','com_installer','',1,1,1,1,'{\"name\":\"com_installer\",\"type\":\"component\",\"creationDate\":\"April 2006\",\"author\":\"Joomla! Project\",\"copyright\":\"(C) 2005 - 2013 Open Source Matters. All rights reserved.\\t\",\"authorEmail\":\"admin@joomla.org\",\"authorUrl\":\"www.joomla.org\",\"version\":\"3.0.0\",\"description\":\"COM_INSTALLER_XML_DESCRIPTION\",\"group\":\"\"}','{}','','',0,'0000-00-00 00:00:00',0,0),(11,'com_languages','component','com_languages','',1,1,1,1,'{\"name\":\"com_languages\",\"type\":\"component\",\"creationDate\":\"2006\",\"author\":\"Joomla! Project\",\"copyright\":\"(C) 2005 - 2013 Open Source Matters. All rights reserved.\\n\\t\",\"authorEmail\":\"admin@joomla.org\",\"authorUrl\":\"www.joomla.org\",\"version\":\"3.0.0\",\"description\":\"COM_LANGUAGES_XML_DESCRIPTION\",\"group\":\"\"}','{\"administrator\":\"en-GB\",\"site\":\"en-GB\"}','','',0,'0000-00-00 00:00:00',0,0),(12,'com_login','component','com_login','',1,1,1,1,'{\"name\":\"com_login\",\"type\":\"component\",\"creationDate\":\"April 2006\",\"author\":\"Joomla! Project\",\"copyright\":\"(C) 2005 - 2013 Open Source Matters. All rights reserved.\\t\",\"authorEmail\":\"admin@joomla.org\",\"authorUrl\":\"www.joomla.org\",\"version\":\"3.0.0\",\"description\":\"COM_LOGIN_XML_DESCRIPTION\",\"group\":\"\"}','','','',0,'0000-00-00 00:00:00',0,0),(13,'com_media','component','com_media','',1,1,0,1,'{\"name\":\"com_media\",\"type\":\"component\",\"creationDate\":\"April 2006\",\"author\":\"Joomla! Project\",\"copyright\":\"(C) 2005 - 2013 Open Source Matters. All rights reserved.\\t\",\"authorEmail\":\"admin@joomla.org\",\"authorUrl\":\"www.joomla.org\",\"version\":\"3.0.0\",\"description\":\"COM_MEDIA_XML_DESCRIPTION\",\"group\":\"\"}','{\"upload_extensions\":\"bmp,csv,doc,gif,ico,jpg,jpeg,odg,odp,ods,odt,pdf,png,ppt,swf,txt,xcf,xls,BMP,CSV,DOC,GIF,ICO,JPG,JPEG,ODG,ODP,ODS,ODT,PDF,PNG,PPT,SWF,TXT,XCF,XLS\",\"upload_maxsize\":\"10\",\"file_path\":\"images\",\"image_path\":\"images\",\"restrict_uploads\":\"1\",\"allowed_media_usergroup\":\"3\",\"check_mime\":\"1\",\"image_extensions\":\"bmp,gif,jpg,png\",\"ignore_extensions\":\"\",\"upload_mime\":\"image\\/jpeg,image\\/gif,image\\/png,image\\/bmp,application\\/x-shockwave-flash,application\\/msword,application\\/excel,application\\/pdf,application\\/powerpoint,text\\/plain,application\\/x-zip\",\"upload_mime_illegal\":\"text\\/html\"}','','',0,'0000-00-00 00:00:00',0,0),(14,'com_menus','component','com_menus','',1,1,1,1,'{\"name\":\"com_menus\",\"type\":\"component\",\"creationDate\":\"April 2006\",\"author\":\"Joomla! Project\",\"copyright\":\"(C) 2005 - 2013 Open Source Matters. All rights reserved.\\t\",\"authorEmail\":\"admin@joomla.org\",\"authorUrl\":\"www.joomla.org\",\"version\":\"3.0.0\",\"description\":\"COM_MENUS_XML_DESCRIPTION\",\"group\":\"\"}','{}','','',0,'0000-00-00 00:00:00',0,0),(15,'com_messages','component','com_messages','',1,1,1,1,'{\"name\":\"com_messages\",\"type\":\"component\",\"creationDate\":\"April 2006\",\"author\":\"Joomla! Project\",\"copyright\":\"(C) 2005 - 2013 Open Source Matters. All rights reserved.\\t\",\"authorEmail\":\"admin@joomla.org\",\"authorUrl\":\"www.joomla.org\",\"version\":\"3.0.0\",\"description\":\"COM_MESSAGES_XML_DESCRIPTION\",\"group\":\"\"}','','','',0,'0000-00-00 00:00:00',0,0),(16,'com_modules','component','com_modules','',1,1,1,1,'{\"name\":\"com_modules\",\"type\":\"component\",\"creationDate\":\"April 2006\",\"author\":\"Joomla! Project\",\"copyright\":\"(C) 2005 - 2013 Open Source Matters. All rights reserved.\\t\",\"authorEmail\":\"admin@joomla.org\",\"authorUrl\":\"www.joomla.org\",\"version\":\"3.0.0\",\"description\":\"COM_MODULES_XML_DESCRIPTION\",\"group\":\"\"}','{}','','',0,'0000-00-00 00:00:00',0,0),(17,'com_newsfeeds','component','com_newsfeeds','',1,1,1,0,'{\"name\":\"com_newsfeeds\",\"type\":\"component\",\"creationDate\":\"April 2006\",\"author\":\"Joomla! Project\",\"copyright\":\"(C) 2005 - 2013 Open Source Matters. All rights reserved.\\t\",\"authorEmail\":\"admin@joomla.org\",\"authorUrl\":\"www.joomla.org\",\"version\":\"3.0.0\",\"description\":\"COM_NEWSFEEDS_XML_DESCRIPTION\",\"group\":\"\"}','{\"show_feed_image\":\"1\",\"show_feed_description\":\"1\",\"show_item_description\":\"1\",\"feed_word_count\":\"0\",\"show_headings\":\"1\",\"show_name\":\"1\",\"show_articles\":\"0\",\"show_link\":\"1\",\"show_description\":\"1\",\"show_description_image\":\"1\",\"display_num\":\"\",\"show_pagination_limit\":\"1\",\"show_pagination\":\"1\",\"show_pagination_results\":\"1\",\"show_cat_items\":\"1\"}','','',0,'0000-00-00 00:00:00',0,0),(18,'com_plugins','component','com_plugins','',1,1,1,1,'{\"name\":\"com_plugins\",\"type\":\"component\",\"creationDate\":\"April 2006\",\"author\":\"Joomla! Project\",\"copyright\":\"(C) 2005 - 2013 Open Source Matters. All rights reserved.\\t\",\"authorEmail\":\"admin@joomla.org\",\"authorUrl\":\"www.joomla.org\",\"version\":\"3.0.0\",\"description\":\"COM_PLUGINS_XML_DESCRIPTION\",\"group\":\"\"}','{}','','',0,'0000-00-00 00:00:00',0,0),(19,'com_search','component','com_search','',1,1,1,0,'{\"name\":\"com_search\",\"type\":\"component\",\"creationDate\":\"April 2006\",\"author\":\"Joomla! Project\",\"copyright\":\"(C) 2005 - 2013 Open Source Matters. All rights reserved.\\n\\t\",\"authorEmail\":\"admin@joomla.org\",\"authorUrl\":\"www.joomla.org\",\"version\":\"3.0.0\",\"description\":\"COM_SEARCH_XML_DESCRIPTION\",\"group\":\"\"}','{\"enabled\":\"0\",\"show_date\":\"1\"}','','',0,'0000-00-00 00:00:00',0,0),(20,'com_templates','component','com_templates','',1,1,1,1,'{\"name\":\"com_templates\",\"type\":\"component\",\"creationDate\":\"April 2006\",\"author\":\"Joomla! Project\",\"copyright\":\"(C) 2005 - 2013 Open Source Matters. All rights reserved.\\t\",\"authorEmail\":\"admin@joomla.org\",\"authorUrl\":\"www.joomla.org\",\"version\":\"3.0.0\",\"description\":\"COM_TEMPLATES_XML_DESCRIPTION\",\"group\":\"\"}','{}','','',0,'0000-00-00 00:00:00',0,0),(21,'com_weblinks','component','com_weblinks','',1,1,1,0,'{\"name\":\"com_weblinks\",\"type\":\"component\",\"creationDate\":\"April 2006\",\"author\":\"Joomla! Project\",\"copyright\":\"(C) 2005 - 2013 Open Source Matters. All rights reserved.\\n\\t\",\"authorEmail\":\"admin@joomla.org\",\"authorUrl\":\"www.joomla.org\",\"version\":\"3.0.0\",\"description\":\"COM_WEBLINKS_XML_DESCRIPTION\",\"group\":\"\"}','{\"show_comp_description\":\"1\",\"comp_description\":\"\",\"show_link_hits\":\"1\",\"show_link_description\":\"1\",\"show_other_cats\":\"0\",\"show_headings\":\"0\",\"show_numbers\":\"0\",\"show_report\":\"1\",\"count_clicks\":\"1\",\"target\":\"0\",\"link_icons\":\"\"}','','',0,'0000-00-00 00:00:00',0,0),(22,'com_content','component','com_content','',1,1,0,1,'{\"name\":\"com_content\",\"type\":\"component\",\"creationDate\":\"April 2006\",\"author\":\"Joomla! Project\",\"copyright\":\"(C) 2005 - 2013 Open Source Matters. All rights reserved.\\t\",\"authorEmail\":\"admin@joomla.org\",\"authorUrl\":\"www.joomla.org\",\"version\":\"3.0.0\",\"description\":\"COM_CONTENT_XML_DESCRIPTION\",\"group\":\"\"}','{\"article_layout\":\"_:default\",\"show_title\":\"1\",\"link_titles\":\"1\",\"show_intro\":\"1\",\"show_category\":\"1\",\"link_category\":\"1\",\"show_parent_category\":\"0\",\"link_parent_category\":\"0\",\"show_author\":\"1\",\"link_author\":\"0\",\"show_create_date\":\"0\",\"show_modify_date\":\"0\",\"show_publish_date\":\"1\",\"show_item_navigation\":\"1\",\"show_vote\":\"0\",\"show_readmore\":\"1\",\"show_readmore_title\":\"1\",\"readmore_limit\":\"100\",\"show_icons\":\"1\",\"show_print_icon\":\"1\",\"show_email_icon\":\"1\",\"show_hits\":\"1\",\"show_noauth\":\"0\",\"show_publishing_options\":\"1\",\"show_article_options\":\"1\",\"show_urls_images_frontend\":\"0\",\"show_urls_images_backend\":\"1\",\"targeta\":0,\"targetb\":0,\"targetc\":0,\"float_intro\":\"left\",\"float_fulltext\":\"left\",\"category_layout\":\"_:blog\",\"show_category_title\":\"0\",\"show_description\":\"0\",\"show_description_image\":\"0\",\"maxLevel\":\"1\",\"show_empty_categories\":\"0\",\"show_no_articles\":\"1\",\"show_subcat_desc\":\"1\",\"show_cat_num_articles\":\"0\",\"show_base_description\":\"1\",\"maxLevelcat\":\"-1\",\"show_empty_categories_cat\":\"0\",\"show_subcat_desc_cat\":\"1\",\"show_cat_num_articles_cat\":\"1\",\"num_leading_articles\":\"1\",\"num_intro_articles\":\"4\",\"num_columns\":\"2\",\"num_links\":\"4\",\"multi_column_order\":\"0\",\"show_subcategory_content\":\"0\",\"show_pagination_limit\":\"1\",\"filter_field\":\"hide\",\"show_headings\":\"1\",\"list_show_date\":\"0\",\"date_format\":\"\",\"list_show_hits\":\"1\",\"list_show_author\":\"1\",\"orderby_pri\":\"order\",\"orderby_sec\":\"rdate\",\"order_date\":\"published\",\"show_pagination\":\"2\",\"show_pagination_results\":\"1\",\"show_feed_link\":\"1\",\"feed_summary\":\"0\"}','','',0,'0000-00-00 00:00:00',0,0),(23,'com_config','component','com_config','',1,1,0,1,'{\"name\":\"com_config\",\"type\":\"component\",\"creationDate\":\"April 2006\",\"author\":\"Joomla! Project\",\"copyright\":\"(C) 2005 - 2013 Open Source Matters. All rights reserved.\\t\",\"authorEmail\":\"admin@joomla.org\",\"authorUrl\":\"www.joomla.org\",\"version\":\"3.0.0\",\"description\":\"COM_CONFIG_XML_DESCRIPTION\",\"group\":\"\"}','{\"filters\":{\"1\":{\"filter_type\":\"NH\",\"filter_tags\":\"\",\"filter_attributes\":\"\"},\"9\":{\"filter_type\":\"BL\",\"filter_tags\":\"\",\"filter_attributes\":\"\"},\"6\":{\"filter_type\":\"BL\",\"filter_tags\":\"\",\"filter_attributes\":\"\"},\"7\":{\"filter_type\":\"NONE\",\"filter_tags\":\"\",\"filter_attributes\":\"\"},\"2\":{\"filter_type\":\"NH\",\"filter_tags\":\"\",\"filter_attributes\":\"\"},\"3\":{\"filter_type\":\"BL\",\"filter_tags\":\"\",\"filter_attributes\":\"\"},\"4\":{\"filter_type\":\"BL\",\"filter_tags\":\"\",\"filter_attributes\":\"\"},\"5\":{\"filter_type\":\"BL\",\"filter_tags\":\"\",\"filter_attributes\":\"\"},\"8\":{\"filter_type\":\"NONE\",\"filter_tags\":\"\",\"filter_attributes\":\"\"}}}','','',0,'0000-00-00 00:00:00',0,0),(24,'com_redirect','component','com_redirect','',1,1,0,1,'{\"name\":\"com_redirect\",\"type\":\"component\",\"creationDate\":\"April 2006\",\"author\":\"Joomla! Project\",\"copyright\":\"(C) 2005 - 2013 Open Source Matters. All rights reserved.\\t\",\"authorEmail\":\"admin@joomla.org\",\"authorUrl\":\"www.joomla.org\",\"version\":\"3.0.0\",\"description\":\"COM_REDIRECT_XML_DESCRIPTION\",\"group\":\"\"}','{}','','',0,'0000-00-00 00:00:00',0,0),(25,'com_users','component','com_users','',1,1,0,1,'{\"name\":\"com_users\",\"type\":\"component\",\"creationDate\":\"April 2006\",\"author\":\"Joomla! Project\",\"copyright\":\"(C) 2005 - 2013 Open Source Matters. All rights reserved.\\t\",\"authorEmail\":\"admin@joomla.org\",\"authorUrl\":\"www.joomla.org\",\"version\":\"3.0.0\",\"description\":\"COM_USERS_XML_DESCRIPTION\",\"group\":\"\"}','{\"allowUserRegistration\":\"1\",\"new_usertype\":\"2\",\"guest_usergroup\":\"9\",\"sendpassword\":\"1\",\"useractivation\":\"1\",\"mail_to_admin\":\"0\",\"captcha\":\"\",\"frontend_userparams\":\"1\",\"site_language\":\"0\",\"change_login_name\":\"0\",\"reset_count\":\"10\",\"reset_time\":\"1\",\"mailSubjectPrefix\":\"\",\"mailBodySuffix\":\"\"}','','',0,'0000-00-00 00:00:00',0,0),(27,'com_finder','component','com_finder','',1,1,0,0,'{\"name\":\"com_finder\",\"type\":\"component\",\"creationDate\":\"August 2011\",\"author\":\"Joomla! Project\",\"copyright\":\"(C) 2005 - 2013 Open Source Matters. All rights reserved.\",\"authorEmail\":\"admin@joomla.org\",\"authorUrl\":\"www.joomla.org\",\"version\":\"3.0.0\",\"description\":\"COM_FINDER_XML_DESCRIPTION\",\"group\":\"\"}','{\"show_description\":\"1\",\"description_length\":255,\"allow_empty_query\":\"0\",\"show_url\":\"1\",\"show_advanced\":\"1\",\"expand_advanced\":\"0\",\"show_date_filters\":\"0\",\"highlight_terms\":\"1\",\"opensearch_name\":\"\",\"opensearch_description\":\"\",\"batch_size\":\"50\",\"memory_table_limit\":30000,\"title_multiplier\":\"1.7\",\"text_multiplier\":\"0.7\",\"meta_multiplier\":\"1.2\",\"path_multiplier\":\"2.0\",\"misc_multiplier\":\"0.3\",\"stemmer\":\"snowball\"}','','',0,'0000-00-00 00:00:00',0,0),(28,'com_joomlaupdate','component','com_joomlaupdate','',1,1,0,1,'{\"name\":\"com_joomlaupdate\",\"type\":\"component\",\"creationDate\":\"February 2012\",\"author\":\"Joomla! Project\",\"copyright\":\"(C) 2005 - 2013 Open Source Matters. All rights reserved.\\t\",\"authorEmail\":\"admin@joomla.org\",\"authorUrl\":\"www.joomla.org\",\"version\":\"3.0.0\",\"description\":\"COM_JOOMLAUPDATE_XML_DESCRIPTION\",\"group\":\"\"}','{}','','',0,'0000-00-00 00:00:00',0,0),(29,'com_tags','component','com_tags','',1,1,1,1,'{\"name\":\"com_tags\",\"type\":\"component\",\"creationDate\":\"December 2013\",\"author\":\"Joomla! Project\",\"copyright\":\"(C) 2005 - 2013 Open Source Matters. All rights reserved.\",\"authorEmail\":\"admin@joomla.org\",\"authorUrl\":\"www.joomla.org\",\"version\":\"3.1.0\",\"description\":\"COM_TAGS_XML_DESCRIPTION\",\"group\":\"\"}','{\"show_tag_title\":\"0\",\"tag_list_show_tag_image\":\"0\",\"tag_list_show_tag_description\":\"0\",\"tag_list_image\":\"\",\"show_tag_num_items\":\"0\",\"tag_list_orderby\":\"title\",\"tag_list_orderby_direction\":\"ASC\",\"show_headings\":\"0\",\"tag_list_show_date\":\"0\",\"tag_list_show_item_image\":\"0\",\"tag_list_show_item_description\":\"0\",\"tag_list_item_maximum_characters\":0,\"return_any_or_all\":\"1\",\"include_children\":\"0\",\"maximum\":200,\"tag_list_language_filter\":\"all\",\"tags_layout\":\"_:default\",\"all_tags_orderby\":\"title\",\"all_tags_orderby_direction\":\"ASC\",\"all_tags_show_tag_image\":\"0\",\"all_tags_show_tag_descripion\":\"0\",\"all_tags_tag_maximum_characters\":20,\"all_tags_show_tag_hits\":\"0\",\"filter_field\":\"1\",\"show_pagination_limit\":\"1\",\"show_pagination\":\"2\",\"show_pagination_results\":\"1\",\"tag_field_ajax_mode\":\"1\",\"show_feed_link\":\"1\"}','','',0,'0000-00-00 00:00:00',0,0),(100,'PHPMailer','library','phpmailer','',0,1,1,1,'{\"name\":\"PHPMailer\",\"type\":\"library\",\"creationDate\":\"2001\",\"author\":\"PHPMailer\",\"copyright\":\"(c) 2001-2003, Brent R. Matzelle, (c) 2004-2009, Andy Prevost. All Rights Reserved., (c) 2010-2013, Jim Jagielski. All Rights Reserved.\",\"authorEmail\":\"jimjag@gmail.com\",\"authorUrl\":\"https:\\/\\/code.google.com\\/a\\/apache-extras.org\\/p\\/phpmailer\\/\",\"version\":\"5.2.3\",\"description\":\"LIB_PHPMAILER_XML_DESCRIPTION\",\"group\":\"\"}','','','',0,'0000-00-00 00:00:00',0,0),(101,'SimplePie','library','simplepie','',0,1,1,1,'{\"name\":\"SimplePie\",\"type\":\"library\",\"creationDate\":\"2004\",\"author\":\"SimplePie\",\"copyright\":\"Copyright (c) 2004-2009, Ryan Parman and Geoffrey Sneddon\",\"authorEmail\":\"\",\"authorUrl\":\"http:\\/\\/simplepie.org\\/\",\"version\":\"1.2\",\"description\":\"LIB_SIMPLEPIE_XML_DESCRIPTION\",\"group\":\"\"}','','','',0,'0000-00-00 00:00:00',0,0),(102,'phputf8','library','phputf8','',0,1,1,1,'{\"name\":\"phputf8\",\"type\":\"library\",\"creationDate\":\"2006\",\"author\":\"Harry Fuecks\",\"copyright\":\"Copyright various authors\",\"authorEmail\":\"hfuecks@gmail.com\",\"authorUrl\":\"http:\\/\\/sourceforge.net\\/projects\\/phputf8\",\"version\":\"0.5\",\"description\":\"LIB_PHPUTF8_XML_DESCRIPTION\",\"group\":\"\"}','','','',0,'0000-00-00 00:00:00',0,0),(103,'Joomla! Platform','library','joomla','',0,1,1,1,'{\"name\":\"Joomla! Platform\",\"type\":\"library\",\"creationDate\":\"2008\",\"author\":\"Joomla! Project\",\"copyright\":\"Copyright (C) 2005 - 2013 Open Source Matters. All rights reserved.\",\"authorEmail\":\"admin@joomla.org\",\"authorUrl\":\"http:\\/\\/www.joomla.org\",\"version\":\"12.2\",\"description\":\"LIB_JOOMLA_XML_DESCRIPTION\",\"group\":\"\"}','{}','','',0,'0000-00-00 00:00:00',0,0),(200,'mod_articles_archive','module','mod_articles_archive','',0,1,1,0,'{\"name\":\"mod_articles_archive\",\"type\":\"module\",\"creationDate\":\"July 2006\",\"author\":\"Joomla! Project\",\"copyright\":\"Copyright (C) 2005 - 2013 Open Source Matters.\\n\\t\\tAll rights reserved.\",\"authorEmail\":\"admin@joomla.org\",\"authorUrl\":\"www.joomla.org\",\"version\":\"3.0.0\",\"description\":\"MOD_ARTICLES_ARCHIVE_XML_DESCRIPTION\",\"group\":\"\"}','','','',0,'0000-00-00 00:00:00',0,0),(201,'mod_articles_latest','module','mod_articles_latest','',0,1,1,0,'{\"name\":\"mod_articles_latest\",\"type\":\"module\",\"creationDate\":\"July 2004\",\"author\":\"Joomla! Project\",\"copyright\":\"Copyright (C) 2005 - 2013 Open Source Matters. All rights reserved.\",\"authorEmail\":\"admin@joomla.org\",\"authorUrl\":\"www.joomla.org\",\"version\":\"3.0.0\",\"description\":\"MOD_LATEST_NEWS_XML_DESCRIPTION\",\"group\":\"\"}','','','',0,'0000-00-00 00:00:00',0,0),(202,'mod_articles_popular','module','mod_articles_popular','',0,1,1,0,'{\"name\":\"mod_articles_popular\",\"type\":\"module\",\"creationDate\":\"July 2006\",\"author\":\"Joomla! Project\",\"copyright\":\"Copyright (C) 2005 - 2013 Open Source Matters. All rights reserved.\",\"authorEmail\":\"admin@joomla.org\",\"authorUrl\":\"www.joomla.org\",\"version\":\"3.0.0\",\"description\":\"MOD_POPULAR_XML_DESCRIPTION\",\"group\":\"\"}','','','',0,'0000-00-00 00:00:00',0,0),(203,'mod_banners','module','mod_banners','',0,1,1,0,'{\"name\":\"mod_banners\",\"type\":\"module\",\"creationDate\":\"July 2006\",\"author\":\"Joomla! Project\",\"copyright\":\"Copyright (C) 2005 - 2013 Open Source Matters. All rights reserved.\",\"authorEmail\":\"admin@joomla.org\",\"authorUrl\":\"www.joomla.org\",\"version\":\"3.0.0\",\"description\":\"MOD_BANNERS_XML_DESCRIPTION\",\"group\":\"\"}','','','',0,'0000-00-00 00:00:00',0,0),(204,'mod_breadcrumbs','module','mod_breadcrumbs','',0,1,1,1,'{\"name\":\"mod_breadcrumbs\",\"type\":\"module\",\"creationDate\":\"July 2006\",\"author\":\"Joomla! Project\",\"copyright\":\"Copyright (C) 2005 - 2013 Open Source Matters. All rights reserved.\",\"authorEmail\":\"admin@joomla.org\",\"authorUrl\":\"www.joomla.org\",\"version\":\"3.0.0\",\"description\":\"MOD_BREADCRUMBS_XML_DESCRIPTION\",\"group\":\"\"}','','','',0,'0000-00-00 00:00:00',0,0),(205,'mod_custom','module','mod_custom','',0,1,1,1,'{\"name\":\"mod_custom\",\"type\":\"module\",\"creationDate\":\"July 2004\",\"author\":\"Joomla! Project\",\"copyright\":\"Copyright (C) 2005 - 2013 Open Source Matters. All rights reserved.\",\"authorEmail\":\"admin@joomla.org\",\"authorUrl\":\"www.joomla.org\",\"version\":\"3.0.0\",\"description\":\"MOD_CUSTOM_XML_DESCRIPTION\",\"group\":\"\"}','','','',0,'0000-00-00 00:00:00',0,0),(206,'mod_feed','module','mod_feed','',0,1,1,0,'{\"name\":\"mod_feed\",\"type\":\"module\",\"creationDate\":\"July 2005\",\"author\":\"Joomla! Project\",\"copyright\":\"Copyright (C) 2005 - 2013 Open Source Matters. All rights reserved.\",\"authorEmail\":\"admin@joomla.org\",\"authorUrl\":\"www.joomla.org\",\"version\":\"3.0.0\",\"description\":\"MOD_FEED_XML_DESCRIPTION\",\"group\":\"\"}','','','',0,'0000-00-00 00:00:00',0,0),(207,'mod_footer','module','mod_footer','',0,1,1,0,'{\"name\":\"mod_footer\",\"type\":\"module\",\"creationDate\":\"July 2006\",\"author\":\"Joomla! Project\",\"copyright\":\"Copyright (C) 2005 - 2013 Open Source Matters. All rights reserved.\",\"authorEmail\":\"admin@joomla.org\",\"authorUrl\":\"www.joomla.org\",\"version\":\"3.0.0\",\"description\":\"MOD_FOOTER_XML_DESCRIPTION\",\"group\":\"\"}','','','',0,'0000-00-00 00:00:00',0,0),(208,'mod_login','module','mod_login','',0,1,1,1,'{\"name\":\"mod_login\",\"type\":\"module\",\"creationDate\":\"July 2006\",\"author\":\"Joomla! Project\",\"copyright\":\"Copyright (C) 2005 - 2013 Open Source Matters. All rights reserved.\",\"authorEmail\":\"admin@joomla.org\",\"authorUrl\":\"www.joomla.org\",\"version\":\"3.0.0\",\"description\":\"MOD_LOGIN_XML_DESCRIPTION\",\"group\":\"\"}','','','',0,'0000-00-00 00:00:00',0,0),(209,'mod_menu','module','mod_menu','',0,1,1,1,'{\"name\":\"mod_menu\",\"type\":\"module\",\"creationDate\":\"July 2004\",\"author\":\"Joomla! Project\",\"copyright\":\"Copyright (C) 2005 - 2013 Open Source Matters. All rights reserved.\",\"authorEmail\":\"admin@joomla.org\",\"authorUrl\":\"www.joomla.org\",\"version\":\"3.0.0\",\"description\":\"MOD_MENU_XML_DESCRIPTION\",\"group\":\"\"}','','','',0,'0000-00-00 00:00:00',0,0),(210,'mod_articles_news','module','mod_articles_news','',0,1,1,0,'{\"name\":\"mod_articles_news\",\"type\":\"module\",\"creationDate\":\"July 2006\",\"author\":\"Joomla! Project\",\"copyright\":\"Copyright (C) 2005 - 2013 Open Source Matters. All rights reserved.\",\"authorEmail\":\"admin@joomla.org\",\"authorUrl\":\"www.joomla.org\",\"version\":\"3.0.0\",\"description\":\"MOD_ARTICLES_NEWS_XML_DESCRIPTION\",\"group\":\"\"}','','','',0,'0000-00-00 00:00:00',0,0),(211,'mod_random_image','module','mod_random_image','',0,1,1,0,'{\"name\":\"mod_random_image\",\"type\":\"module\",\"creationDate\":\"July 2006\",\"author\":\"Joomla! Project\",\"copyright\":\"Copyright (C) 2005 - 2013 Open Source Matters. All rights reserved.\",\"authorEmail\":\"admin@joomla.org\",\"authorUrl\":\"www.joomla.org\",\"version\":\"3.0.0\",\"description\":\"MOD_RANDOM_IMAGE_XML_DESCRIPTION\",\"group\":\"\"}','','','',0,'0000-00-00 00:00:00',0,0),(212,'mod_related_items','module','mod_related_items','',0,1,1,0,'{\"name\":\"mod_related_items\",\"type\":\"module\",\"creationDate\":\"July 2004\",\"author\":\"Joomla! Project\",\"copyright\":\"Copyright (C) 2005 - 2013 Open Source Matters. All rights reserved.\",\"authorEmail\":\"admin@joomla.org\",\"authorUrl\":\"www.joomla.org\",\"version\":\"3.0.0\",\"description\":\"MOD_RELATED_XML_DESCRIPTION\",\"group\":\"\"}','','','',0,'0000-00-00 00:00:00',0,0),(213,'mod_search','module','mod_search','',0,1,1,0,'{\"name\":\"mod_search\",\"type\":\"module\",\"creationDate\":\"July 2004\",\"author\":\"Joomla! Project\",\"copyright\":\"Copyright (C) 2005 - 2013 Open Source Matters. All rights reserved.\",\"authorEmail\":\"admin@joomla.org\",\"authorUrl\":\"www.joomla.org\",\"version\":\"3.0.0\",\"description\":\"MOD_SEARCH_XML_DESCRIPTION\",\"group\":\"\"}','','','',0,'0000-00-00 00:00:00',0,0),(214,'mod_stats','module','mod_stats','',0,1,1,0,'{\"name\":\"mod_stats\",\"type\":\"module\",\"creationDate\":\"July 2004\",\"author\":\"Joomla! Project\",\"copyright\":\"Copyright (C) 2005 - 2013 Open Source Matters. All rights reserved.\",\"authorEmail\":\"admin@joomla.org\",\"authorUrl\":\"www.joomla.org\",\"version\":\"3.0.0\",\"description\":\"MOD_STATS_XML_DESCRIPTION\",\"group\":\"\"}','','','',0,'0000-00-00 00:00:00',0,0),(215,'mod_syndicate','module','mod_syndicate','',0,1,1,1,'{\"name\":\"mod_syndicate\",\"type\":\"module\",\"creationDate\":\"May 2006\",\"author\":\"Joomla! Project\",\"copyright\":\"Copyright (C) 2005 - 2013 Open Source Matters. All rights reserved.\",\"authorEmail\":\"admin@joomla.org\",\"authorUrl\":\"www.joomla.org\",\"version\":\"3.0.0\",\"description\":\"MOD_SYNDICATE_XML_DESCRIPTION\",\"group\":\"\"}','','','',0,'0000-00-00 00:00:00',0,0),(216,'mod_users_latest','module','mod_users_latest','',0,1,1,0,'{\"name\":\"mod_users_latest\",\"type\":\"module\",\"creationDate\":\"December 2009\",\"author\":\"Joomla! Project\",\"copyright\":\"Copyright (C) 2005 - 2013 Open Source Matters. All rights reserved.\",\"authorEmail\":\"admin@joomla.org\",\"authorUrl\":\"www.joomla.org\",\"version\":\"3.0.0\",\"description\":\"MOD_USERS_LATEST_XML_DESCRIPTION\",\"group\":\"\"}','','','',0,'0000-00-00 00:00:00',0,0),(217,'mod_weblinks','module','mod_weblinks','',0,1,1,0,'{\"name\":\"mod_weblinks\",\"type\":\"module\",\"creationDate\":\"July 2009\",\"author\":\"Joomla! Project\",\"copyright\":\"Copyright (C) 2005 - 2013 Open Source Matters. All rights reserved.\",\"authorEmail\":\"admin@joomla.org\",\"authorUrl\":\"www.joomla.org\",\"version\":\"3.0.0\",\"description\":\"MOD_WEBLINKS_XML_DESCRIPTION\",\"group\":\"\"}','','','',0,'0000-00-00 00:00:00',0,0),(218,'mod_whosonline','module','mod_whosonline','',0,1,1,0,'{\"name\":\"mod_whosonline\",\"type\":\"module\",\"creationDate\":\"July 2004\",\"author\":\"Joomla! Project\",\"copyright\":\"Copyright (C) 2005 - 2013 Open Source Matters. All rights reserved.\",\"authorEmail\":\"admin@joomla.org\",\"authorUrl\":\"www.joomla.org\",\"version\":\"3.0.0\",\"description\":\"MOD_WHOSONLINE_XML_DESCRIPTION\",\"group\":\"\"}','','','',0,'0000-00-00 00:00:00',0,0),(219,'mod_wrapper','module','mod_wrapper','',0,1,1,0,'{\"name\":\"mod_wrapper\",\"type\":\"module\",\"creationDate\":\"October 2004\",\"author\":\"Joomla! Project\",\"copyright\":\"Copyright (C) 2005 - 2013 Open Source Matters. All rights reserved.\",\"authorEmail\":\"admin@joomla.org\",\"authorUrl\":\"www.joomla.org\",\"version\":\"3.0.0\",\"description\":\"MOD_WRAPPER_XML_DESCRIPTION\",\"group\":\"\"}','','','',0,'0000-00-00 00:00:00',0,0),(220,'mod_articles_category','module','mod_articles_category','',0,1,1,0,'{\"name\":\"mod_articles_category\",\"type\":\"module\",\"creationDate\":\"February 2010\",\"author\":\"Joomla! Project\",\"copyright\":\"Copyright (C) 2005 - 2013 Open Source Matters. All rights reserved.\",\"authorEmail\":\"admin@joomla.org\",\"authorUrl\":\"www.joomla.org\",\"version\":\"3.0.0\",\"description\":\"MOD_ARTICLES_CATEGORY_XML_DESCRIPTION\",\"group\":\"\"}','','','',0,'0000-00-00 00:00:00',0,0),(221,'mod_articles_categories','module','mod_articles_categories','',0,1,1,0,'{\"name\":\"mod_articles_categories\",\"type\":\"module\",\"creationDate\":\"February 2010\",\"author\":\"Joomla! Project\",\"copyright\":\"Copyright (C) 2005 - 2013 Open Source Matters. All rights reserved.\",\"authorEmail\":\"admin@joomla.org\",\"authorUrl\":\"www.joomla.org\",\"version\":\"3.0.0\",\"description\":\"MOD_ARTICLES_CATEGORIES_XML_DESCRIPTION\",\"group\":\"\"}','','','',0,'0000-00-00 00:00:00',0,0),(222,'mod_languages','module','mod_languages','',0,1,1,1,'{\"name\":\"mod_languages\",\"type\":\"module\",\"creationDate\":\"February 2010\",\"author\":\"Joomla! Project\",\"copyright\":\"Copyright (C) 2005 - 2013 Open Source Matters. All rights reserved.\",\"authorEmail\":\"admin@joomla.org\",\"authorUrl\":\"www.joomla.org\",\"version\":\"3.0.0\",\"description\":\"MOD_LANGUAGES_XML_DESCRIPTION\",\"group\":\"\"}','','','',0,'0000-00-00 00:00:00',0,0),(223,'mod_finder','module','mod_finder','',0,1,0,0,'{\"name\":\"mod_finder\",\"type\":\"module\",\"creationDate\":\"August 2011\",\"author\":\"Joomla! Project\",\"copyright\":\"(C) 2005 - 2013 Open Source Matters. All rights reserved.\",\"authorEmail\":\"admin@joomla.org\",\"authorUrl\":\"www.joomla.org\",\"version\":\"3.0.0\",\"description\":\"MOD_FINDER_XML_DESCRIPTION\",\"group\":\"\"}','','','',0,'0000-00-00 00:00:00',0,0),(300,'mod_custom','module','mod_custom','',1,1,1,1,'{\"name\":\"mod_custom\",\"type\":\"module\",\"creationDate\":\"July 2004\",\"author\":\"Joomla! Project\",\"copyright\":\"Copyright (C) 2005 - 2013 Open Source Matters. All rights reserved.\",\"authorEmail\":\"admin@joomla.org\",\"authorUrl\":\"www.joomla.org\",\"version\":\"3.0.0\",\"description\":\"MOD_CUSTOM_XML_DESCRIPTION\",\"group\":\"\"}','','','',0,'0000-00-00 00:00:00',0,0),(301,'mod_feed','module','mod_feed','',1,1,1,0,'{\"name\":\"mod_feed\",\"type\":\"module\",\"creationDate\":\"July 2005\",\"author\":\"Joomla! Project\",\"copyright\":\"Copyright (C) 2005 - 2013 Open Source Matters. All rights reserved.\",\"authorEmail\":\"admin@joomla.org\",\"authorUrl\":\"www.joomla.org\",\"version\":\"3.0.0\",\"description\":\"MOD_FEED_XML_DESCRIPTION\",\"group\":\"\"}','','','',0,'0000-00-00 00:00:00',0,0),(302,'mod_latest','module','mod_latest','',1,1,1,0,'{\"name\":\"mod_latest\",\"type\":\"module\",\"creationDate\":\"July 2004\",\"author\":\"Joomla! Project\",\"copyright\":\"Copyright (C) 2005 - 2013 Open Source Matters. All rights reserved.\",\"authorEmail\":\"admin@joomla.org\",\"authorUrl\":\"www.joomla.org\",\"version\":\"3.0.0\",\"description\":\"MOD_LATEST_XML_DESCRIPTION\",\"group\":\"\"}','','','',0,'0000-00-00 00:00:00',0,0),(303,'mod_logged','module','mod_logged','',1,1,1,0,'{\"name\":\"mod_logged\",\"type\":\"module\",\"creationDate\":\"January 2005\",\"author\":\"Joomla! Project\",\"copyright\":\"Copyright (C) 2005 - 2013 Open Source Matters. All rights reserved.\",\"authorEmail\":\"admin@joomla.org\",\"authorUrl\":\"www.joomla.org\",\"version\":\"3.0.0\",\"description\":\"MOD_LOGGED_XML_DESCRIPTION\",\"group\":\"\"}','','','',0,'0000-00-00 00:00:00',0,0),(304,'mod_login','module','mod_login','',1,1,1,1,'{\"name\":\"mod_login\",\"type\":\"module\",\"creationDate\":\"March 2005\",\"author\":\"Joomla! Project\",\"copyright\":\"Copyright (C) 2005 - 2013 Open Source Matters. All rights reserved.\",\"authorEmail\":\"admin@joomla.org\",\"authorUrl\":\"www.joomla.org\",\"version\":\"3.0.0\",\"description\":\"MOD_LOGIN_XML_DESCRIPTION\",\"group\":\"\"}','','','',0,'0000-00-00 00:00:00',0,0),(305,'mod_menu','module','mod_menu','',1,1,1,0,'{\"name\":\"mod_menu\",\"type\":\"module\",\"creationDate\":\"March 2006\",\"author\":\"Joomla! Project\",\"copyright\":\"Copyright (C) 2005 - 2013 Open Source Matters. All rights reserved.\",\"authorEmail\":\"admin@joomla.org\",\"authorUrl\":\"www.joomla.org\",\"version\":\"3.0.0\",\"description\":\"MOD_MENU_XML_DESCRIPTION\",\"group\":\"\"}','','','',0,'0000-00-00 00:00:00',0,0),(307,'mod_popular','module','mod_popular','',1,1,1,0,'{\"name\":\"mod_popular\",\"type\":\"module\",\"creationDate\":\"July 2004\",\"author\":\"Joomla! Project\",\"copyright\":\"Copyright (C) 2005 - 2013 Open Source Matters. All rights reserved.\",\"authorEmail\":\"admin@joomla.org\",\"authorUrl\":\"www.joomla.org\",\"version\":\"3.0.0\",\"description\":\"MOD_POPULAR_XML_DESCRIPTION\",\"group\":\"\"}','','','',0,'0000-00-00 00:00:00',0,0),(308,'mod_quickicon','module','mod_quickicon','',1,1,1,1,'{\"name\":\"mod_quickicon\",\"type\":\"module\",\"creationDate\":\"Nov 2005\",\"author\":\"Joomla! Project\",\"copyright\":\"Copyright (C) 2005 - 2013 Open Source Matters. All rights reserved.\",\"authorEmail\":\"admin@joomla.org\",\"authorUrl\":\"www.joomla.org\",\"version\":\"3.0.0\",\"description\":\"MOD_QUICKICON_XML_DESCRIPTION\",\"group\":\"\"}','','','',0,'0000-00-00 00:00:00',0,0),(309,'mod_status','module','mod_status','',1,1,1,0,'{\"name\":\"mod_status\",\"type\":\"module\",\"creationDate\":\"Feb 2006\",\"author\":\"Joomla! Project\",\"copyright\":\"(C) 2005 - 2013 Open Source Matters. All rights reserved.\",\"authorEmail\":\"admin@joomla.org\",\"authorUrl\":\"www.joomla.org\",\"version\":\"3.0.0\",\"description\":\"MOD_STATUS_XML_DESCRIPTION\",\"group\":\"\"}','','','',0,'0000-00-00 00:00:00',0,0),(310,'mod_submenu','module','mod_submenu','',1,1,1,0,'{\"name\":\"mod_submenu\",\"type\":\"module\",\"creationDate\":\"Feb 2006\",\"author\":\"Joomla! Project\",\"copyright\":\"Copyright (C) 2005 - 2013 Open Source Matters. All rights reserved.\",\"authorEmail\":\"admin@joomla.org\",\"authorUrl\":\"www.joomla.org\",\"version\":\"3.0.0\",\"description\":\"MOD_SUBMENU_XML_DESCRIPTION\",\"group\":\"\"}','','','',0,'0000-00-00 00:00:00',0,0),(311,'mod_title','module','mod_title','',1,1,1,0,'{\"name\":\"mod_title\",\"type\":\"module\",\"creationDate\":\"Nov 2005\",\"author\":\"Joomla! Project\",\"copyright\":\"Copyright (C) 2005 - 2013 Open Source Matters. All rights reserved.\",\"authorEmail\":\"admin@joomla.org\",\"authorUrl\":\"www.joomla.org\",\"version\":\"3.0.0\",\"description\":\"MOD_TITLE_XML_DESCRIPTION\",\"group\":\"\"}','','','',0,'0000-00-00 00:00:00',0,0),(312,'mod_toolbar','module','mod_toolbar','',1,1,1,1,'{\"name\":\"mod_toolbar\",\"type\":\"module\",\"creationDate\":\"Nov 2005\",\"author\":\"Joomla! Project\",\"copyright\":\"Copyright (C) 2005 - 2013 Open Source Matters. All rights reserved.\",\"authorEmail\":\"admin@joomla.org\",\"authorUrl\":\"www.joomla.org\",\"version\":\"3.0.0\",\"description\":\"MOD_TOOLBAR_XML_DESCRIPTION\",\"group\":\"\"}','','','',0,'0000-00-00 00:00:00',0,0),(313,'mod_multilangstatus','module','mod_multilangstatus','',1,1,1,0,'{\"name\":\"mod_multilangstatus\",\"type\":\"module\",\"creationDate\":\"September 2011\",\"author\":\"Joomla! Project\",\"copyright\":\"Copyright (C) 2005 - 2013 Open Source Matters. All rights reserved.\",\"authorEmail\":\"admin@joomla.org\",\"authorUrl\":\"www.joomla.org\",\"version\":\"3.0.0\",\"description\":\"MOD_MULTILANGSTATUS_XML_DESCRIPTION\",\"group\":\"\"}','{\"cache\":\"0\"}','','',0,'0000-00-00 00:00:00',0,0),(314,'mod_version','module','mod_version','',1,1,1,0,'{\"name\":\"mod_version\",\"type\":\"module\",\"creationDate\":\"January 2012\",\"author\":\"Joomla! Project\",\"copyright\":\"Copyright (C) 2005 - 2013 Open Source Matters. All rights reserved.\",\"authorEmail\":\"admin@joomla.org\",\"authorUrl\":\"www.joomla.org\",\"version\":\"3.0.0\",\"description\":\"MOD_VERSION_XML_DESCRIPTION\",\"group\":\"\"}','{\"format\":\"short\",\"product\":\"1\",\"cache\":\"0\"}','','',0,'0000-00-00 00:00:00',0,0),(315,'mod_stats_admin','module','mod_stats_admin','',1,1,1,0,'{\"name\":\"mod_stats_admin\",\"type\":\"module\",\"creationDate\":\"July 2004\",\"author\":\"Joomla! Project\",\"copyright\":\"Copyright (C) 2005 - 2013 Open Source Matters. All rights reserved.\",\"authorEmail\":\"admin@joomla.org\",\"authorUrl\":\"www.joomla.org\",\"version\":\"3.0.0\",\"description\":\"MOD_STATS_XML_DESCRIPTION\",\"group\":\"\"}','{\"serverinfo\":\"0\",\"siteinfo\":\"0\",\"counter\":\"0\",\"increase\":\"0\",\"cache\":\"1\",\"cache_time\":\"900\",\"cachemode\":\"static\"}','','',0,'0000-00-00 00:00:00',0,0),(316,'mod_tags_popular','module','mod_tags_popular','',0,1,1,0,'{\"name\":\"mod_tags_popular\",\"type\":\"module\",\"creationDate\":\"January 2013\",\"author\":\"Joomla! Project\",\"copyright\":\"Copyright (C) 2005 - 2013 Open Source Matters. All rights reserved.\",\"authorEmail\":\"admin@joomla.org\",\"authorUrl\":\"www.joomla.org\",\"version\":\"3.1.0\",\"description\":\"MOD_TAGS_POPULAR_XML_DESCRIPTION\",\"group\":\"\"}','{\"maximum\":\"5\",\"timeframe\":\"alltime\",\"owncache\":\"1\"}','','',0,'0000-00-00 00:00:00',0,0),(317,'mod_tags_similar','module','mod_tags_similar','',0,1,1,0,'{\"name\":\"mod_tags_similar\",\"type\":\"module\",\"creationDate\":\"January 2013\",\"author\":\"Joomla! Project\",\"copyright\":\"Copyright (C) 2005 - 2013 Open Source Matters. All rights reserved.\",\"authorEmail\":\"admin@joomla.org\",\"authorUrl\":\"www.joomla.org\",\"version\":\"3.1.0\",\"description\":\"MOD_TAGS_SIMILAR_XML_DESCRIPTION\",\"group\":\"\"}','{\"maximum\":\"5\",\"matchtype\":\"any\",\"owncache\":\"1\"}','','',0,'0000-00-00 00:00:00',0,0),(400,'plg_authentication_gmail','plugin','gmail','authentication',0,0,1,0,'{\"name\":\"plg_authentication_gmail\",\"type\":\"plugin\",\"creationDate\":\"February 2006\",\"author\":\"Joomla! Project\",\"copyright\":\"Copyright (C) 2005 - 2013 Open Source Matters. All rights reserved.\",\"authorEmail\":\"admin@joomla.org\",\"authorUrl\":\"www.joomla.org\",\"version\":\"3.0.0\",\"description\":\"PLG_GMAIL_XML_DESCRIPTION\",\"group\":\"\"}','{\"applysuffix\":\"0\",\"suffix\":\"\",\"verifypeer\":\"1\",\"user_blacklist\":\"\"}','','',0,'0000-00-00 00:00:00',1,0),(401,'plg_authentication_joomla','plugin','joomla','authentication',0,1,1,1,'{\"name\":\"plg_authentication_joomla\",\"type\":\"plugin\",\"creationDate\":\"November 2005\",\"author\":\"Joomla! Project\",\"copyright\":\"Copyright (C) 2005 - 2013 Open Source Matters. All rights reserved.\",\"authorEmail\":\"admin@joomla.org\",\"authorUrl\":\"www.joomla.org\",\"version\":\"3.0.0\",\"description\":\"PLG_AUTH_JOOMLA_XML_DESCRIPTION\",\"group\":\"\"}','{}','','',0,'0000-00-00 00:00:00',0,0),(402,'plg_authentication_ldap','plugin','ldap','authentication',0,0,1,0,'{\"name\":\"plg_authentication_ldap\",\"type\":\"plugin\",\"creationDate\":\"November 2005\",\"author\":\"Joomla! Project\",\"copyright\":\"Copyright (C) 2005 - 2013 Open Source Matters. All rights reserved.\",\"authorEmail\":\"admin@joomla.org\",\"authorUrl\":\"www.joomla.org\",\"version\":\"3.0.0\",\"description\":\"PLG_LDAP_XML_DESCRIPTION\",\"group\":\"\"}','{\"host\":\"\",\"port\":\"389\",\"use_ldapV3\":\"0\",\"negotiate_tls\":\"0\",\"no_referrals\":\"0\",\"auth_method\":\"bind\",\"base_dn\":\"\",\"search_string\":\"\",\"users_dn\":\"\",\"username\":\"admin\",\"password\":\"bobby7\",\"ldap_fullname\":\"fullName\",\"ldap_email\":\"mail\",\"ldap_uid\":\"uid\"}','','',0,'0000-00-00 00:00:00',3,0),(404,'plg_content_emailcloak','plugin','emailcloak','content',0,1,1,0,'{\"name\":\"plg_content_emailcloak\",\"type\":\"plugin\",\"creationDate\":\"November 2005\",\"author\":\"Joomla! Project\",\"copyright\":\"Copyright (C) 2005 - 2013 Open Source Matters. All rights reserved.\",\"authorEmail\":\"admin@joomla.org\",\"authorUrl\":\"www.joomla.org\",\"version\":\"3.0.0\",\"description\":\"PLG_CONTENT_EMAILCLOAK_XML_DESCRIPTION\",\"group\":\"\"}','{\"mode\":\"1\"}','','',0,'0000-00-00 00:00:00',1,0),(406,'plg_content_loadmodule','plugin','loadmodule','content',0,1,1,0,'{\"name\":\"plg_content_loadmodule\",\"type\":\"plugin\",\"creationDate\":\"November 2005\",\"author\":\"Joomla! Project\",\"copyright\":\"Copyright (C) 2005 - 2013 Open Source Matters. All rights reserved.\",\"authorEmail\":\"admin@joomla.org\",\"authorUrl\":\"www.joomla.org\",\"version\":\"3.0.0\",\"description\":\"PLG_LOADMODULE_XML_DESCRIPTION\",\"group\":\"\"}','{\"style\":\"xhtml\"}','','',0,'2011-09-18 15:22:50',0,0),(407,'plg_content_pagebreak','plugin','pagebreak','content',0,1,1,0,'{\"name\":\"plg_content_pagebreak\",\"type\":\"plugin\",\"creationDate\":\"November 2005\",\"author\":\"Joomla! Project\",\"copyright\":\"Copyright (C) 2005 - 2013 Open Source Matters. All rights reserved.\",\"authorEmail\":\"admin@joomla.org\",\"authorUrl\":\"www.joomla.org\",\"version\":\"3.0.0\",\"description\":\"PLG_CONTENT_PAGEBREAK_XML_DESCRIPTION\",\"group\":\"\"}','{\"title\":\"1\",\"multipage_toc\":\"1\",\"showall\":\"1\"}','','',0,'0000-00-00 00:00:00',4,0),(408,'plg_content_pagenavigation','plugin','pagenavigation','content',0,1,1,0,'{\"name\":\"plg_content_pagenavigation\",\"type\":\"plugin\",\"creationDate\":\"January 2006\",\"author\":\"Joomla! Project\",\"copyright\":\"Copyright (C) 2005 - 2013 Open Source Matters. All rights reserved.\",\"authorEmail\":\"admin@joomla.org\",\"authorUrl\":\"www.joomla.org\",\"version\":\"3.0.0\",\"description\":\"PLG_PAGENAVIGATION_XML_DESCRIPTION\",\"group\":\"\"}','{\"position\":\"1\"}','','',0,'0000-00-00 00:00:00',5,0),(409,'plg_content_vote','plugin','vote','content',0,1,1,0,'{\"name\":\"plg_content_vote\",\"type\":\"plugin\",\"creationDate\":\"November 2005\",\"author\":\"Joomla! Project\",\"copyright\":\"Copyright (C) 2005 - 2013 Open Source Matters. All rights reserved.\",\"authorEmail\":\"admin@joomla.org\",\"authorUrl\":\"www.joomla.org\",\"version\":\"3.0.0\",\"description\":\"PLG_VOTE_XML_DESCRIPTION\",\"group\":\"\"}','{}','','',0,'0000-00-00 00:00:00',6,0),(410,'plg_editors_codemirror','plugin','codemirror','editors',0,1,1,1,'{\"name\":\"plg_editors_codemirror\",\"type\":\"plugin\",\"creationDate\":\"28 March 2011\",\"author\":\"Marijn Haverbeke\",\"copyright\":\"\",\"authorEmail\":\"N\\/A\",\"authorUrl\":\"\",\"version\":\"1.0\",\"description\":\"PLG_CODEMIRROR_XML_DESCRIPTION\",\"group\":\"\"}','{\"linenumbers\":\"0\",\"tabmode\":\"indent\"}','','',0,'0000-00-00 00:00:00',1,0),(411,'plg_editors_none','plugin','none','editors',0,1,1,1,'{\"name\":\"plg_editors_none\",\"type\":\"plugin\",\"creationDate\":\"August 2004\",\"author\":\"Unknown\",\"copyright\":\"\",\"authorEmail\":\"N\\/A\",\"authorUrl\":\"\",\"version\":\"3.0.0\",\"description\":\"PLG_NONE_XML_DESCRIPTION\",\"group\":\"\"}','{}','','',0,'0000-00-00 00:00:00',2,0),(412,'plg_editors_tinymce','plugin','tinymce','editors',0,1,1,0,'{\"name\":\"plg_editors_tinymce\",\"type\":\"plugin\",\"creationDate\":\"2005-2012\",\"author\":\"Moxiecode Systems AB\",\"copyright\":\"Moxiecode Systems AB\",\"authorEmail\":\"N\\/A\",\"authorUrl\":\"tinymce.moxiecode.com\\/\",\"version\":\"3.5.6\",\"description\":\"PLG_TINY_XML_DESCRIPTION\",\"group\":\"\"}','{\"mode\":\"1\",\"skin\":\"0\",\"entity_encoding\":\"raw\",\"lang_mode\":\"0\",\"lang_code\":\"en\",\"text_direction\":\"ltr\",\"content_css\":\"1\",\"content_css_custom\":\"\",\"relative_urls\":\"1\",\"newlines\":\"0\",\"invalid_elements\":\"script,applet,iframe\",\"extended_elements\":\"\",\"toolbar\":\"top\",\"toolbar_align\":\"left\",\"html_height\":\"550\",\"html_width\":\"750\",\"resizing\":\"true\",\"resize_horizontal\":\"false\",\"element_path\":\"1\",\"fonts\":\"1\",\"paste\":\"1\",\"searchreplace\":\"1\",\"insertdate\":\"1\",\"format_date\":\"%Y-%m-%d\",\"inserttime\":\"1\",\"format_time\":\"%H:%M:%S\",\"colors\":\"1\",\"table\":\"1\",\"smilies\":\"1\",\"media\":\"1\",\"hr\":\"1\",\"directionality\":\"1\",\"fullscreen\":\"1\",\"style\":\"1\",\"layer\":\"1\",\"xhtmlxtras\":\"1\",\"visualchars\":\"1\",\"nonbreaking\":\"1\",\"template\":\"1\",\"blockquote\":\"1\",\"wordcount\":\"1\",\"advimage\":\"1\",\"advlink\":\"1\",\"advlist\":\"1\",\"autosave\":\"1\",\"contextmenu\":\"1\",\"inlinepopups\":\"1\",\"custom_plugin\":\"\",\"custom_button\":\"\"}','','',0,'0000-00-00 00:00:00',3,0),(413,'plg_editors-xtd_article','plugin','article','editors-xtd',0,1,1,1,'{\"name\":\"plg_editors-xtd_article\",\"type\":\"plugin\",\"creationDate\":\"October 2009\",\"author\":\"Joomla! Project\",\"copyright\":\"Copyright (C) 2005 - 2013 Open Source Matters. All rights reserved.\",\"authorEmail\":\"admin@joomla.org\",\"authorUrl\":\"www.joomla.org\",\"version\":\"3.0.0\",\"description\":\"PLG_ARTICLE_XML_DESCRIPTION\",\"group\":\"\"}','{}','','',0,'0000-00-00 00:00:00',1,0),(414,'plg_editors-xtd_image','plugin','image','editors-xtd',0,1,1,0,'{\"name\":\"plg_editors-xtd_image\",\"type\":\"plugin\",\"creationDate\":\"August 2004\",\"author\":\"Joomla! Project\",\"copyright\":\"Copyright (C) 2005 - 2013 Open Source Matters. All rights reserved.\",\"authorEmail\":\"admin@joomla.org\",\"authorUrl\":\"www.joomla.org\",\"version\":\"3.0.0\",\"description\":\"PLG_IMAGE_XML_DESCRIPTION\",\"group\":\"\"}','{}','','',0,'0000-00-00 00:00:00',2,0),(415,'plg_editors-xtd_pagebreak','plugin','pagebreak','editors-xtd',0,1,1,0,'{\"name\":\"plg_editors-xtd_pagebreak\",\"type\":\"plugin\",\"creationDate\":\"August 2004\",\"author\":\"Joomla! Project\",\"copyright\":\"Copyright (C) 2005 - 2013 Open Source Matters. All rights reserved.\",\"authorEmail\":\"admin@joomla.org\",\"authorUrl\":\"www.joomla.org\",\"version\":\"3.0.0\",\"description\":\"PLG_EDITORSXTD_PAGEBREAK_XML_DESCRIPTION\",\"group\":\"\"}','{}','','',0,'0000-00-00 00:00:00',3,0),(416,'plg_editors-xtd_readmore','plugin','readmore','editors-xtd',0,1,1,0,'{\"name\":\"plg_editors-xtd_readmore\",\"type\":\"plugin\",\"creationDate\":\"March 2006\",\"author\":\"Joomla! Project\",\"copyright\":\"Copyright (C) 2005 - 2013 Open Source Matters. All rights reserved.\",\"authorEmail\":\"admin@joomla.org\",\"authorUrl\":\"www.joomla.org\",\"version\":\"3.0.0\",\"description\":\"PLG_READMORE_XML_DESCRIPTION\",\"group\":\"\"}','{}','','',0,'0000-00-00 00:00:00',4,0),(417,'plg_search_categories','plugin','categories','search',0,1,1,0,'{\"name\":\"plg_search_categories\",\"type\":\"plugin\",\"creationDate\":\"November 2005\",\"author\":\"Joomla! Project\",\"copyright\":\"Copyright (C) 2005 - 2013 Open Source Matters. All rights reserved.\",\"authorEmail\":\"admin@joomla.org\",\"authorUrl\":\"www.joomla.org\",\"version\":\"3.0.0\",\"description\":\"PLG_SEARCH_CATEGORIES_XML_DESCRIPTION\",\"group\":\"\"}','{\"search_limit\":\"50\",\"search_content\":\"1\",\"search_archived\":\"1\"}','','',0,'0000-00-00 00:00:00',0,0),(418,'plg_search_contacts','plugin','contacts','search',0,1,1,0,'{\"name\":\"plg_search_contacts\",\"type\":\"plugin\",\"creationDate\":\"November 2005\",\"author\":\"Joomla! Project\",\"copyright\":\"Copyright (C) 2005 - 2013 Open Source Matters. All rights reserved.\",\"authorEmail\":\"admin@joomla.org\",\"authorUrl\":\"www.joomla.org\",\"version\":\"3.0.0\",\"description\":\"PLG_SEARCH_CONTACTS_XML_DESCRIPTION\",\"group\":\"\"}','{\"search_limit\":\"50\",\"search_content\":\"1\",\"search_archived\":\"1\"}','','',0,'0000-00-00 00:00:00',0,0),(419,'plg_search_content','plugin','content','search',0,1,1,0,'{\"name\":\"plg_search_content\",\"type\":\"plugin\",\"creationDate\":\"November 2005\",\"author\":\"Joomla! Project\",\"copyright\":\"Copyright (C) 2005 - 2013 Open Source Matters. All rights reserved.\",\"authorEmail\":\"admin@joomla.org\",\"authorUrl\":\"www.joomla.org\",\"version\":\"3.0.0\",\"description\":\"PLG_SEARCH_CONTENT_XML_DESCRIPTION\",\"group\":\"\"}','{\"search_limit\":\"50\",\"search_content\":\"1\",\"search_archived\":\"1\"}','','',0,'0000-00-00 00:00:00',0,0),(420,'plg_search_newsfeeds','plugin','newsfeeds','search',0,1,1,0,'{\"name\":\"plg_search_newsfeeds\",\"type\":\"plugin\",\"creationDate\":\"November 2005\",\"author\":\"Joomla! Project\",\"copyright\":\"Copyright (C) 2005 - 2013 Open Source Matters. All rights reserved.\",\"authorEmail\":\"admin@joomla.org\",\"authorUrl\":\"www.joomla.org\",\"version\":\"3.0.0\",\"description\":\"PLG_SEARCH_NEWSFEEDS_XML_DESCRIPTION\",\"group\":\"\"}','{\"search_limit\":\"50\",\"search_content\":\"1\",\"search_archived\":\"1\"}','','',0,'0000-00-00 00:00:00',0,0),(421,'plg_search_weblinks','plugin','weblinks','search',0,1,1,0,'{\"name\":\"plg_search_weblinks\",\"type\":\"plugin\",\"creationDate\":\"November 2005\",\"author\":\"Joomla! Project\",\"copyright\":\"Copyright (C) 2005 - 2013 Open Source Matters. All rights reserved.\",\"authorEmail\":\"admin@joomla.org\",\"authorUrl\":\"www.joomla.org\",\"version\":\"3.0.0\",\"description\":\"PLG_SEARCH_WEBLINKS_XML_DESCRIPTION\",\"group\":\"\"}','{\"search_limit\":\"50\",\"search_content\":\"1\",\"search_archived\":\"1\"}','','',0,'0000-00-00 00:00:00',0,0),(422,'plg_system_languagefilter','plugin','languagefilter','system',0,0,1,1,'{\"name\":\"plg_system_languagefilter\",\"type\":\"plugin\",\"creationDate\":\"July 2010\",\"author\":\"Joomla! Project\",\"copyright\":\"Copyright (C) 2005 - 2013 Open Source Matters. All rights reserved.\",\"authorEmail\":\"admin@joomla.org\",\"authorUrl\":\"www.joomla.org\",\"version\":\"3.0.0\",\"description\":\"PLG_SYSTEM_LANGUAGEFILTER_XML_DESCRIPTION\",\"group\":\"\"}','{}','','',0,'0000-00-00 00:00:00',1,0),(423,'plg_system_p3p','plugin','p3p','system',0,1,1,0,'{\"name\":\"plg_system_p3p\",\"type\":\"plugin\",\"creationDate\":\"September 2010\",\"author\":\"Joomla! Project\",\"copyright\":\"Copyright (C) 2005 - 2013 Open Source Matters. All rights reserved.\",\"authorEmail\":\"admin@joomla.org\",\"authorUrl\":\"www.joomla.org\",\"version\":\"3.0.0\",\"description\":\"PLG_P3P_XML_DESCRIPTION\",\"group\":\"\"}','{\"headers\":\"NOI ADM DEV PSAi COM NAV OUR OTRo STP IND DEM\"}','','',0,'0000-00-00 00:00:00',2,0),(424,'plg_system_cache','plugin','cache','system',0,0,1,1,'{\"name\":\"plg_system_cache\",\"type\":\"plugin\",\"creationDate\":\"February 2007\",\"author\":\"Joomla! Project\",\"copyright\":\"Copyright (C) 2005 - 2013 Open Source Matters. All rights reserved.\",\"authorEmail\":\"admin@joomla.org\",\"authorUrl\":\"www.joomla.org\",\"version\":\"3.0.0\",\"description\":\"PLG_CACHE_XML_DESCRIPTION\",\"group\":\"\"}','{\"browsercache\":\"0\",\"cachetime\":\"15\"}','','',0,'0000-00-00 00:00:00',9,0),(425,'plg_system_debug','plugin','debug','system',0,1,1,0,'{\"name\":\"plg_system_debug\",\"type\":\"plugin\",\"creationDate\":\"December 2006\",\"author\":\"Joomla! Project\",\"copyright\":\"Copyright (C) 2005 - 2013 Open Source Matters. All rights reserved.\",\"authorEmail\":\"admin@joomla.org\",\"authorUrl\":\"www.joomla.org\",\"version\":\"3.0.0\",\"description\":\"PLG_DEBUG_XML_DESCRIPTION\",\"group\":\"\"}','{\"profile\":\"1\",\"queries\":\"1\",\"memory\":\"1\",\"language_files\":\"1\",\"language_strings\":\"1\",\"strip-first\":\"1\",\"strip-prefix\":\"\",\"strip-suffix\":\"\"}','','',0,'0000-00-00 00:00:00',4,0),(426,'plg_system_log','plugin','log','system',0,1,1,1,'{\"name\":\"plg_system_log\",\"type\":\"plugin\",\"creationDate\":\"April 2007\",\"author\":\"Joomla! Project\",\"copyright\":\"Copyright (C) 2005 - 2013 Open Source Matters. All rights reserved.\",\"authorEmail\":\"admin@joomla.org\",\"authorUrl\":\"www.joomla.org\",\"version\":\"3.0.0\",\"description\":\"PLG_LOG_XML_DESCRIPTION\",\"group\":\"\"}','{}','','',0,'0000-00-00 00:00:00',5,0),(427,'plg_system_redirect','plugin','redirect','system',0,0,1,1,'{\"name\":\"plg_system_redirect\",\"type\":\"plugin\",\"creationDate\":\"April 2009\",\"author\":\"Joomla! Project\",\"copyright\":\"Copyright (C) 2005 - 2013 Open Source Matters. All rights reserved.\",\"authorEmail\":\"admin@joomla.org\",\"authorUrl\":\"www.joomla.org\",\"version\":\"3.0.0\",\"description\":\"PLG_REDIRECT_XML_DESCRIPTION\",\"group\":\"\"}','{}','','',0,'0000-00-00 00:00:00',6,0),(428,'plg_system_remember','plugin','remember','system',0,1,1,1,'{\"name\":\"plg_system_remember\",\"type\":\"plugin\",\"creationDate\":\"April 2007\",\"author\":\"Joomla! Project\",\"copyright\":\"Copyright (C) 2005 - 2013 Open Source Matters. All rights reserved.\",\"authorEmail\":\"admin@joomla.org\",\"authorUrl\":\"www.joomla.org\",\"version\":\"3.0.0\",\"description\":\"PLG_REMEMBER_XML_DESCRIPTION\",\"group\":\"\"}','{}','','',0,'0000-00-00 00:00:00',7,0),(429,'plg_system_sef','plugin','sef','system',0,1,1,0,'{\"name\":\"plg_system_sef\",\"type\":\"plugin\",\"creationDate\":\"December 2007\",\"author\":\"Joomla! Project\",\"copyright\":\"Copyright (C) 2005 - 2013 Open Source Matters. All rights reserved.\",\"authorEmail\":\"admin@joomla.org\",\"authorUrl\":\"www.joomla.org\",\"version\":\"3.0.0\",\"description\":\"PLG_SEF_XML_DESCRIPTION\",\"group\":\"\"}','{}','','',0,'0000-00-00 00:00:00',8,0),(430,'plg_system_logout','plugin','logout','system',0,1,1,1,'{\"name\":\"plg_system_logout\",\"type\":\"plugin\",\"creationDate\":\"April 2009\",\"author\":\"Joomla! Project\",\"copyright\":\"Copyright (C) 2005 - 2013 Open Source Matters. All rights reserved.\",\"authorEmail\":\"admin@joomla.org\",\"authorUrl\":\"www.joomla.org\",\"version\":\"3.0.0\",\"description\":\"PLG_SYSTEM_LOGOUT_XML_DESCRIPTION\",\"group\":\"\"}','{}','','',0,'0000-00-00 00:00:00',3,0),(431,'plg_user_contactcreator','plugin','contactcreator','user',0,0,1,0,'{\"name\":\"plg_user_contactcreator\",\"type\":\"plugin\",\"creationDate\":\"August 2009\",\"author\":\"Joomla! Project\",\"copyright\":\"(C) 2005 - 2013 Open Source Matters. All rights reserved.\",\"authorEmail\":\"admin@joomla.org\",\"authorUrl\":\"www.joomla.org\",\"version\":\"3.0.0\",\"description\":\"PLG_CONTACTCREATOR_XML_DESCRIPTION\",\"group\":\"\"}','{\"autowebpage\":\"\",\"category\":\"34\",\"autopublish\":\"0\"}','','',0,'0000-00-00 00:00:00',1,0),(432,'plg_user_joomla','plugin','joomla','user',0,1,1,0,'{\"name\":\"plg_user_joomla\",\"type\":\"plugin\",\"creationDate\":\"December 2006\",\"author\":\"Joomla! Project\",\"copyright\":\"(C) 2005 - 2009 Open Source Matters. All rights reserved.\",\"authorEmail\":\"admin@joomla.org\",\"authorUrl\":\"www.joomla.org\",\"version\":\"3.0.0\",\"description\":\"PLG_USER_JOOMLA_XML_DESCRIPTION\",\"group\":\"\"}','{\"autoregister\":\"1\"}','','',0,'0000-00-00 00:00:00',2,0),(433,'plg_user_profile','plugin','profile','user',0,0,1,0,'{\"name\":\"plg_user_profile\",\"type\":\"plugin\",\"creationDate\":\"January 2008\",\"author\":\"Joomla! Project\",\"copyright\":\"(C) 2005 - 2013 Open Source Matters. All rights reserved.\",\"authorEmail\":\"admin@joomla.org\",\"authorUrl\":\"www.joomla.org\",\"version\":\"3.0.0\",\"description\":\"PLG_USER_PROFILE_XML_DESCRIPTION\",\"group\":\"\"}','{\"register-require_address1\":\"1\",\"register-require_address2\":\"1\",\"register-require_city\":\"1\",\"register-require_region\":\"1\",\"register-require_country\":\"1\",\"register-require_postal_code\":\"1\",\"register-require_phone\":\"1\",\"register-require_website\":\"1\",\"register-require_favoritebook\":\"1\",\"register-require_aboutme\":\"1\",\"register-require_tos\":\"1\",\"register-require_dob\":\"1\",\"profile-require_address1\":\"1\",\"profile-require_address2\":\"1\",\"profile-require_city\":\"1\",\"profile-require_region\":\"1\",\"profile-require_country\":\"1\",\"profile-require_postal_code\":\"1\",\"profile-require_phone\":\"1\",\"profile-require_website\":\"1\",\"profile-require_favoritebook\":\"1\",\"profile-require_aboutme\":\"1\",\"profile-require_tos\":\"1\",\"profile-require_dob\":\"1\"}','','',0,'0000-00-00 00:00:00',0,0),(434,'plg_extension_joomla','plugin','joomla','extension',0,1,1,1,'{\"name\":\"plg_extension_joomla\",\"type\":\"plugin\",\"creationDate\":\"May 2010\",\"author\":\"Joomla! Project\",\"copyright\":\"Copyright (C) 2005 - 2013 Open Source Matters. All rights reserved.\",\"authorEmail\":\"admin@joomla.org\",\"authorUrl\":\"www.joomla.org\",\"version\":\"3.0.0\",\"description\":\"PLG_EXTENSION_JOOMLA_XML_DESCRIPTION\",\"group\":\"\"}','{}','','',0,'0000-00-00 00:00:00',1,0),(435,'plg_content_joomla','plugin','joomla','content',0,1,1,0,'{\"name\":\"plg_content_joomla\",\"type\":\"plugin\",\"creationDate\":\"November 2010\",\"author\":\"Joomla! Project\",\"copyright\":\"Copyright (C) 2005 - 2013 Open Source Matters. All rights reserved.\",\"authorEmail\":\"admin@joomla.org\",\"authorUrl\":\"www.joomla.org\",\"version\":\"3.0.0\",\"description\":\"PLG_CONTENT_JOOMLA_XML_DESCRIPTION\",\"group\":\"\"}','{}','','',0,'0000-00-00 00:00:00',0,0),(436,'plg_system_languagecode','plugin','languagecode','system',0,0,1,0,'{\"name\":\"plg_system_languagecode\",\"type\":\"plugin\",\"creationDate\":\"November 2011\",\"author\":\"Joomla! Project\",\"copyright\":\"Copyright (C) 2005 - 2013 Open Source Matters. All rights reserved.\",\"authorEmail\":\"admin@joomla.org\",\"authorUrl\":\"www.joomla.org\",\"version\":\"3.0.0\",\"description\":\"PLG_SYSTEM_LANGUAGECODE_XML_DESCRIPTION\",\"group\":\"\"}','{}','','',0,'0000-00-00 00:00:00',10,0),(437,'plg_quickicon_joomlaupdate','plugin','joomlaupdate','quickicon',0,1,1,1,'{\"name\":\"plg_quickicon_joomlaupdate\",\"type\":\"plugin\",\"creationDate\":\"August 2011\",\"author\":\"Joomla! Project\",\"copyright\":\"Copyright (C) 2005 - 2013 Open Source Matters. All rights reserved.\",\"authorEmail\":\"admin@joomla.org\",\"authorUrl\":\"www.joomla.org\",\"version\":\"3.0.0\",\"description\":\"PLG_QUICKICON_JOOMLAUPDATE_XML_DESCRIPTION\",\"group\":\"\"}','{}','','',0,'0000-00-00 00:00:00',0,0),(438,'plg_quickicon_extensionupdate','plugin','extensionupdate','quickicon',0,1,1,1,'{\"name\":\"plg_quickicon_extensionupdate\",\"type\":\"plugin\",\"creationDate\":\"August 2011\",\"author\":\"Joomla! Project\",\"copyright\":\"Copyright (C) 2005 - 2013 Open Source Matters. All rights reserved.\",\"authorEmail\":\"admin@joomla.org\",\"authorUrl\":\"www.joomla.org\",\"version\":\"3.0.0\",\"description\":\"PLG_QUICKICON_EXTENSIONUPDATE_XML_DESCRIPTION\",\"group\":\"\"}','{}','','',0,'0000-00-00 00:00:00',0,0),(439,'plg_captcha_recaptcha','plugin','recaptcha','captcha',0,1,1,0,'{\"name\":\"plg_captcha_recaptcha\",\"type\":\"plugin\",\"creationDate\":\"December 2011\",\"author\":\"Joomla! Project\",\"copyright\":\"Copyright (C) 2005 - 2013 Open Source Matters. All rights reserved.\",\"authorEmail\":\"admin@joomla.org\",\"authorUrl\":\"www.joomla.org\",\"version\":\"3.0.0\",\"description\":\"PLG_CAPTCHA_RECAPTCHA_XML_DESCRIPTION\",\"group\":\"\"}','{\"public_key\":\"\",\"private_key\":\"\",\"theme\":\"clean\"}','','',0,'0000-00-00 00:00:00',0,0),(440,'plg_system_highlight','plugin','highlight','system',0,1,1,0,'{\"name\":\"plg_system_highlight\",\"type\":\"plugin\",\"creationDate\":\"August 2011\",\"author\":\"Joomla! Project\",\"copyright\":\"(C) 2005 - 2013 Open Source Matters. All rights reserved.\",\"authorEmail\":\"admin@joomla.org\",\"authorUrl\":\"www.joomla.org\",\"version\":\"3.0.0\",\"description\":\"PLG_SYSTEM_HIGHLIGHT_XML_DESCRIPTION\",\"group\":\"\"}','{}','','',0,'0000-00-00 00:00:00',7,0),(441,'plg_content_finder','plugin','finder','content',0,0,1,0,'{\"name\":\"plg_content_finder\",\"type\":\"plugin\",\"creationDate\":\"December 2011\",\"author\":\"Joomla! Project\",\"copyright\":\"Copyright (C) 2005 - 2013 Open Source Matters. All rights reserved.\",\"authorEmail\":\"admin@joomla.org\",\"authorUrl\":\"www.joomla.org\",\"version\":\"3.0.0\",\"description\":\"PLG_CONTENT_FINDER_XML_DESCRIPTION\",\"group\":\"\"}','{}','','',0,'0000-00-00 00:00:00',0,0),(442,'plg_finder_categories','plugin','categories','finder',0,1,1,0,'{\"name\":\"plg_finder_categories\",\"type\":\"plugin\",\"creationDate\":\"August 2011\",\"author\":\"Joomla! Project\",\"copyright\":\"(C) 2005 - 2013 Open Source Matters. All rights reserved.\",\"authorEmail\":\"admin@joomla.org\",\"authorUrl\":\"www.joomla.org\",\"version\":\"3.0.0\",\"description\":\"PLG_FINDER_CATEGORIES_XML_DESCRIPTION\",\"group\":\"\"}','{}','','',0,'0000-00-00 00:00:00',1,0),(443,'plg_finder_contacts','plugin','contacts','finder',0,1,1,0,'{\"name\":\"plg_finder_contacts\",\"type\":\"plugin\",\"creationDate\":\"August 2011\",\"author\":\"Joomla! Project\",\"copyright\":\"(C) 2005 - 2013 Open Source Matters. All rights reserved.\",\"authorEmail\":\"admin@joomla.org\",\"authorUrl\":\"www.joomla.org\",\"version\":\"3.0.0\",\"description\":\"PLG_FINDER_CONTACTS_XML_DESCRIPTION\",\"group\":\"\"}','{}','','',0,'0000-00-00 00:00:00',2,0),(444,'plg_finder_content','plugin','content','finder',0,1,1,0,'{\"name\":\"plg_finder_content\",\"type\":\"plugin\",\"creationDate\":\"August 2011\",\"author\":\"Joomla! Project\",\"copyright\":\"(C) 2005 - 2013 Open Source Matters. All rights reserved.\",\"authorEmail\":\"admin@joomla.org\",\"authorUrl\":\"www.joomla.org\",\"version\":\"3.0.0\",\"description\":\"PLG_FINDER_CONTENT_XML_DESCRIPTION\",\"group\":\"\"}','{}','','',0,'0000-00-00 00:00:00',3,0),(445,'plg_finder_newsfeeds','plugin','newsfeeds','finder',0,1,1,0,'{\"name\":\"plg_finder_newsfeeds\",\"type\":\"plugin\",\"creationDate\":\"August 2011\",\"author\":\"Joomla! Project\",\"copyright\":\"(C) 2005 - 2013 Open Source Matters. All rights reserved.\",\"authorEmail\":\"admin@joomla.org\",\"authorUrl\":\"www.joomla.org\",\"version\":\"3.0.0\",\"description\":\"PLG_FINDER_NEWSFEEDS_XML_DESCRIPTION\",\"group\":\"\"}','{}','','',0,'0000-00-00 00:00:00',4,0),(446,'plg_finder_weblinks','plugin','weblinks','finder',0,1,1,0,'{\"name\":\"plg_finder_weblinks\",\"type\":\"plugin\",\"creationDate\":\"August 2011\",\"author\":\"Joomla! Project\",\"copyright\":\"(C) 2005 - 2013 Open Source Matters. All rights reserved.\",\"authorEmail\":\"admin@joomla.org\",\"authorUrl\":\"www.joomla.org\",\"version\":\"3.0.0\",\"description\":\"PLG_FINDER_WEBLINKS_XML_DESCRIPTION\",\"group\":\"\"}','{}','','',0,'0000-00-00 00:00:00',5,0),(447,'plg_finder_tags','plugin','tags','finder',0,1,1,0,'{\"name\":\"plg_finder_tags\",\"type\":\"plugin\",\"creationDate\":\"February 2013\",\"author\":\"Joomla! Project\",\"copyright\":\"(C) 2005 - 2013 Open Source Matters. All rights reserved.\",\"authorEmail\":\"admin@joomla.org\",\"authorUrl\":\"www.joomla.org\",\"version\":\"3.0.0\",\"description\":\"PLG_FINDER_TAGS_XML_DESCRIPTION\",\"group\":\"\"}','{}','','',0,'0000-00-00 00:00:00',0,0),(503,'beez3','template','beez3','',0,1,1,0,'{\"name\":\"beez3\",\"type\":\"template\",\"creationDate\":\"25 November 2009\",\"author\":\"Angie Radtke\",\"copyright\":\"Copyright (C) 2005 - 2013 Open Source Matters, Inc. All rights reserved.\",\"authorEmail\":\"a.radtke@derauftritt.de\",\"authorUrl\":\"http:\\/\\/www.der-auftritt.de\",\"version\":\"3.1.0\",\"description\":\"TPL_BEEZ3_XML_DESCRIPTION\",\"group\":\"\"}','{\"wrapperSmall\":\"53\",\"wrapperLarge\":\"72\",\"sitetitle\":\"\",\"sitedescription\":\"\",\"navposition\":\"center\",\"templatecolor\":\"nature\"}','','',0,'0000-00-00 00:00:00',0,0),(504,'hathor','template','hathor','',1,1,1,0,'{\"name\":\"hathor\",\"type\":\"template\",\"creationDate\":\"May 2010\",\"author\":\"Andrea Tarr\",\"copyright\":\"Copyright (C) 2005 - 2013 Open Source Matters, Inc. All rights reserved.\",\"authorEmail\":\"hathor@tarrconsulting.com\",\"authorUrl\":\"http:\\/\\/www.tarrconsulting.com\",\"version\":\"3.0.0\",\"description\":\"TPL_HATHOR_XML_DESCRIPTION\",\"group\":\"\"}','{\"showSiteName\":\"0\",\"colourChoice\":\"0\",\"boldText\":\"0\"}','','',0,'0000-00-00 00:00:00',0,0),(506,'protostar','template','protostar','',0,1,1,0,'{\"name\":\"protostar\",\"type\":\"template\",\"creationDate\":\"4\\/30\\/2012\",\"author\":\"Kyle Ledbetter\",\"copyright\":\"Copyright (C) 2005 - 2013 Open Source Matters, Inc. All rights reserved.\",\"authorEmail\":\"admin@joomla.org\",\"authorUrl\":\"\",\"version\":\"1.0\",\"description\":\"TPL_PROTOSTAR_XML_DESCRIPTION\",\"group\":\"\"}','{\"templateColor\":\"\",\"logoFile\":\"\",\"googleFont\":\"1\",\"googleFontName\":\"Open+Sans\",\"fluidContainer\":\"0\"}','','',0,'0000-00-00 00:00:00',0,0),(507,'isis','template','isis','',1,1,1,0,'{\"name\":\"isis\",\"type\":\"template\",\"creationDate\":\"3\\/30\\/2012\",\"author\":\"Kyle Ledbetter\",\"copyright\":\"Copyright (C) 2005 - 2013 Open Source Matters, Inc. All rights reserved.\",\"authorEmail\":\"admin@joomla.org\",\"authorUrl\":\"\",\"version\":\"1.0\",\"description\":\"TPL_ISIS_XML_DESCRIPTION\",\"group\":\"\"}','{\"templateColor\":\"\",\"logoFile\":\"\"}','','',0,'0000-00-00 00:00:00',0,0),(600,'English (United Kingdom)','language','en-GB','',0,1,1,1,'{\"name\":\"English (United Kingdom)\",\"type\":\"language\",\"creationDate\":\"2013-03-07\",\"author\":\"Joomla! Project\",\"copyright\":\"Copyright (C) 2005 - 2013 Open Source Matters. All rights reserved.\",\"authorEmail\":\"admin@joomla.org\",\"authorUrl\":\"www.joomla.org\",\"version\":\"3.1.0\",\"description\":\"en-GB site language\",\"group\":\"\"}','','','',0,'0000-00-00 00:00:00',0,0),(601,'English (United Kingdom)','language','en-GB','',1,1,1,1,'{\"name\":\"English (United Kingdom)\",\"type\":\"language\",\"creationDate\":\"2013-03-07\",\"author\":\"Joomla! Project\",\"copyright\":\"Copyright (C) 2005 - 2013 Open Source Matters. All rights reserved.\",\"authorEmail\":\"admin@joomla.org\",\"authorUrl\":\"www.joomla.org\",\"version\":\"3.1.0\",\"description\":\"en-GB administrator language\",\"group\":\"\"}','','','',0,'0000-00-00 00:00:00',0,0),(700,'files_joomla','file','joomla','',0,1,1,1,'{\"name\":\"files_joomla\",\"type\":\"file\",\"creationDate\":\"April 2013\",\"author\":\"Joomla! Project\",\"copyright\":\"(C) 2005 - 2013 Open Source Matters. All rights reserved\",\"authorEmail\":\"admin@joomla.org\",\"authorUrl\":\"www.joomla.org\",\"version\":\"3.1.1\",\"description\":\"FILES_JOOMLA_XML_DESCRIPTION\",\"group\":\"\"}','','','',0,'0000-00-00 00:00:00',0,0),(10000,'Dioscouri Library','library','dioscouri','',0,1,1,0,'{\"name\":\"Dioscouri Library\",\"type\":\"library\",\"creationDate\":\"June 2012\",\"author\":\"Dioscouri Design\",\"copyright\":\"Copyright (C) 2012 Dioscouri Design. All rights reserved.\",\"authorEmail\":\"info@dioscouri.com\",\"authorUrl\":\"www.dioscouri.com\",\"version\":\"3.8.0\",\"description\":\"\",\"group\":\"\"}','{}','','',0,'0000-00-00 00:00:00',0,0),(10001,'System - Dioscouri','plugin','dioscouri','system',0,1,1,0,'{\"name\":\"System - Dioscouri\",\"type\":\"plugin\",\"creationDate\":\"June 2012\",\"author\":\"Dioscouri Design\",\"copyright\":\"2012 Dioscouri.com\",\"authorEmail\":\"info@dioscouri.com\",\"authorUrl\":\"http:\\/\\/www.dioscouri.com\",\"version\":\"3.8.0\",\"description\":\"Adds the Dioscouri Library to the Autoloader\",\"group\":\"\"}','{\"embedjquery\":\"0\",\"jquerynoconflict\":\"1\",\"embedbootstrap\":\"0\",\"bootstrapversion\":\"default\",\"bootstrapjoomla\":\"0\",\"activeAdmin\":\"1\"}','','',0,'0000-00-00 00:00:00',0,0),(10002,'games','component','com_games','',1,1,0,0,'{\"name\":\"Games\",\"type\":\"component\",\"creationDate\":\"June 2012\",\"author\":\"Dioscouri\",\"copyright\":\"2012 Dioscouri.com\",\"authorEmail\":\"info@dioscouri.com\",\"authorUrl\":\"http:\\/\\/www.dioscouri.com\",\"version\":\"0.9.0\",\"description\":\"COM_GAMES_DESC\",\"group\":\"\"}','{}','','',0,'0000-00-00 00:00:00',0,0),(10003,'crosscliw','template','crosscliq','',0,1,1,0,'{\"name\":\"crosscliw\",\"type\":\"template\",\"creationDate\":\"4\\/30\\/2012\",\"author\":\"Chris French\",\"copyright\":\"\",\"authorEmail\":\"chris@crosscliq.com\",\"authorUrl\":\"\",\"version\":\"1.0\",\"description\":\"Crosscliw\",\"group\":\"\"}','{}','','',0,'0000-00-00 00:00:00',0,0);
/*!40000 ALTER TABLE `triv_extensions` ENABLE KEYS */;
UNLOCK TABLES;

--
-- Table structure for table `triv_finder_filters`
--

DROP TABLE IF EXISTS `triv_finder_filters`;
/*!40101 SET @saved_cs_client     = @@character_set_client */;
/*!40101 SET character_set_client = utf8 */;
CREATE TABLE `triv_finder_filters` (
  `filter_id` int(10) unsigned NOT NULL AUTO_INCREMENT,
  `title` varchar(255) NOT NULL,
  `alias` varchar(255) NOT NULL,
  `state` tinyint(1) NOT NULL DEFAULT '1',
  `created` datetime NOT NULL DEFAULT '0000-00-00 00:00:00',
  `created_by` int(10) unsigned NOT NULL,
  `created_by_alias` varchar(255) NOT NULL,
  `modified` datetime NOT NULL DEFAULT '0000-00-00 00:00:00',
  `modified_by` int(10) unsigned NOT NULL DEFAULT '0',
  `checked_out` int(10) unsigned NOT NULL DEFAULT '0',
  `checked_out_time` datetime NOT NULL DEFAULT '0000-00-00 00:00:00',
  `map_count` int(10) unsigned NOT NULL DEFAULT '0',
  `data` text NOT NULL,
  `params` mediumtext,
  PRIMARY KEY (`filter_id`)
) ENGINE=InnoDB DEFAULT CHARSET=utf8;
/*!40101 SET character_set_client = @saved_cs_client */;

--
-- Dumping data for table `triv_finder_filters`
--

LOCK TABLES `triv_finder_filters` WRITE;
/*!40000 ALTER TABLE `triv_finder_filters` DISABLE KEYS */;
/*!40000 ALTER TABLE `triv_finder_filters` ENABLE KEYS */;
UNLOCK TABLES;

--
-- Table structure for table `triv_finder_links`
--

DROP TABLE IF EXISTS `triv_finder_links`;
/*!40101 SET @saved_cs_client     = @@character_set_client */;
/*!40101 SET character_set_client = utf8 */;
CREATE TABLE `triv_finder_links` (
  `link_id` int(10) unsigned NOT NULL AUTO_INCREMENT,
  `url` varchar(255) NOT NULL,
  `route` varchar(255) NOT NULL,
  `title` varchar(255) DEFAULT NULL,
  `description` varchar(255) DEFAULT NULL,
  `indexdate` datetime NOT NULL DEFAULT '0000-00-00 00:00:00',
  `md5sum` varchar(32) DEFAULT NULL,
  `published` tinyint(1) NOT NULL DEFAULT '1',
  `state` int(5) DEFAULT '1',
  `access` int(5) DEFAULT '0',
  `language` varchar(8) NOT NULL,
  `publish_start_date` datetime NOT NULL DEFAULT '0000-00-00 00:00:00',
  `publish_end_date` datetime NOT NULL DEFAULT '0000-00-00 00:00:00',
  `start_date` datetime NOT NULL DEFAULT '0000-00-00 00:00:00',
  `end_date` datetime NOT NULL DEFAULT '0000-00-00 00:00:00',
  `list_price` double unsigned NOT NULL DEFAULT '0',
  `sale_price` double unsigned NOT NULL DEFAULT '0',
  `type_id` int(11) NOT NULL,
  `object` mediumblob NOT NULL,
  PRIMARY KEY (`link_id`),
  KEY `idx_type` (`type_id`),
  KEY `idx_title` (`title`),
  KEY `idx_md5` (`md5sum`),
  KEY `idx_url` (`url`(75)),
  KEY `idx_published_list` (`published`,`state`,`access`,`publish_start_date`,`publish_end_date`,`list_price`),
  KEY `idx_published_sale` (`published`,`state`,`access`,`publish_start_date`,`publish_end_date`,`sale_price`)
) ENGINE=InnoDB DEFAULT CHARSET=utf8;
/*!40101 SET character_set_client = @saved_cs_client */;

--
-- Dumping data for table `triv_finder_links`
--

LOCK TABLES `triv_finder_links` WRITE;
/*!40000 ALTER TABLE `triv_finder_links` DISABLE KEYS */;
/*!40000 ALTER TABLE `triv_finder_links` ENABLE KEYS */;
UNLOCK TABLES;

--
-- Table structure for table `triv_finder_links_terms0`
--

DROP TABLE IF EXISTS `triv_finder_links_terms0`;
/*!40101 SET @saved_cs_client     = @@character_set_client */;
/*!40101 SET character_set_client = utf8 */;
CREATE TABLE `triv_finder_links_terms0` (
  `link_id` int(10) unsigned NOT NULL,
  `term_id` int(10) unsigned NOT NULL,
  `weight` float unsigned NOT NULL,
  PRIMARY KEY (`link_id`,`term_id`),
  KEY `idx_term_weight` (`term_id`,`weight`),
  KEY `idx_link_term_weight` (`link_id`,`term_id`,`weight`)
) ENGINE=InnoDB DEFAULT CHARSET=utf8;
/*!40101 SET character_set_client = @saved_cs_client */;

--
-- Dumping data for table `triv_finder_links_terms0`
--

LOCK TABLES `triv_finder_links_terms0` WRITE;
/*!40000 ALTER TABLE `triv_finder_links_terms0` DISABLE KEYS */;
/*!40000 ALTER TABLE `triv_finder_links_terms0` ENABLE KEYS */;
UNLOCK TABLES;

--
-- Table structure for table `triv_finder_links_terms1`
--

DROP TABLE IF EXISTS `triv_finder_links_terms1`;
/*!40101 SET @saved_cs_client     = @@character_set_client */;
/*!40101 SET character_set_client = utf8 */;
CREATE TABLE `triv_finder_links_terms1` (
  `link_id` int(10) unsigned NOT NULL,
  `term_id` int(10) unsigned NOT NULL,
  `weight` float unsigned NOT NULL,
  PRIMARY KEY (`link_id`,`term_id`),
  KEY `idx_term_weight` (`term_id`,`weight`),
  KEY `idx_link_term_weight` (`link_id`,`term_id`,`weight`)
) ENGINE=InnoDB DEFAULT CHARSET=utf8;
/*!40101 SET character_set_client = @saved_cs_client */;

--
-- Dumping data for table `triv_finder_links_terms1`
--

LOCK TABLES `triv_finder_links_terms1` WRITE;
/*!40000 ALTER TABLE `triv_finder_links_terms1` DISABLE KEYS */;
/*!40000 ALTER TABLE `triv_finder_links_terms1` ENABLE KEYS */;
UNLOCK TABLES;

--
-- Table structure for table `triv_finder_links_terms2`
--

DROP TABLE IF EXISTS `triv_finder_links_terms2`;
/*!40101 SET @saved_cs_client     = @@character_set_client */;
/*!40101 SET character_set_client = utf8 */;
CREATE TABLE `triv_finder_links_terms2` (
  `link_id` int(10) unsigned NOT NULL,
  `term_id` int(10) unsigned NOT NULL,
  `weight` float unsigned NOT NULL,
  PRIMARY KEY (`link_id`,`term_id`),
  KEY `idx_term_weight` (`term_id`,`weight`),
  KEY `idx_link_term_weight` (`link_id`,`term_id`,`weight`)
) ENGINE=InnoDB DEFAULT CHARSET=utf8;
/*!40101 SET character_set_client = @saved_cs_client */;

--
-- Dumping data for table `triv_finder_links_terms2`
--

LOCK TABLES `triv_finder_links_terms2` WRITE;
/*!40000 ALTER TABLE `triv_finder_links_terms2` DISABLE KEYS */;
/*!40000 ALTER TABLE `triv_finder_links_terms2` ENABLE KEYS */;
UNLOCK TABLES;

--
-- Table structure for table `triv_finder_links_terms3`
--

DROP TABLE IF EXISTS `triv_finder_links_terms3`;
/*!40101 SET @saved_cs_client     = @@character_set_client */;
/*!40101 SET character_set_client = utf8 */;
CREATE TABLE `triv_finder_links_terms3` (
  `link_id` int(10) unsigned NOT NULL,
  `term_id` int(10) unsigned NOT NULL,
  `weight` float unsigned NOT NULL,
  PRIMARY KEY (`link_id`,`term_id`),
  KEY `idx_term_weight` (`term_id`,`weight`),
  KEY `idx_link_term_weight` (`link_id`,`term_id`,`weight`)
) ENGINE=InnoDB DEFAULT CHARSET=utf8;
/*!40101 SET character_set_client = @saved_cs_client */;

--
-- Dumping data for table `triv_finder_links_terms3`
--

LOCK TABLES `triv_finder_links_terms3` WRITE;
/*!40000 ALTER TABLE `triv_finder_links_terms3` DISABLE KEYS */;
/*!40000 ALTER TABLE `triv_finder_links_terms3` ENABLE KEYS */;
UNLOCK TABLES;

--
-- Table structure for table `triv_finder_links_terms4`
--

DROP TABLE IF EXISTS `triv_finder_links_terms4`;
/*!40101 SET @saved_cs_client     = @@character_set_client */;
/*!40101 SET character_set_client = utf8 */;
CREATE TABLE `triv_finder_links_terms4` (
  `link_id` int(10) unsigned NOT NULL,
  `term_id` int(10) unsigned NOT NULL,
  `weight` float unsigned NOT NULL,
  PRIMARY KEY (`link_id`,`term_id`),
  KEY `idx_term_weight` (`term_id`,`weight`),
  KEY `idx_link_term_weight` (`link_id`,`term_id`,`weight`)
) ENGINE=InnoDB DEFAULT CHARSET=utf8;
/*!40101 SET character_set_client = @saved_cs_client */;

--
-- Dumping data for table `triv_finder_links_terms4`
--

LOCK TABLES `triv_finder_links_terms4` WRITE;
/*!40000 ALTER TABLE `triv_finder_links_terms4` DISABLE KEYS */;
/*!40000 ALTER TABLE `triv_finder_links_terms4` ENABLE KEYS */;
UNLOCK TABLES;

--
-- Table structure for table `triv_finder_links_terms5`
--

DROP TABLE IF EXISTS `triv_finder_links_terms5`;
/*!40101 SET @saved_cs_client     = @@character_set_client */;
/*!40101 SET character_set_client = utf8 */;
CREATE TABLE `triv_finder_links_terms5` (
  `link_id` int(10) unsigned NOT NULL,
  `term_id` int(10) unsigned NOT NULL,
  `weight` float unsigned NOT NULL,
  PRIMARY KEY (`link_id`,`term_id`),
  KEY `idx_term_weight` (`term_id`,`weight`),
  KEY `idx_link_term_weight` (`link_id`,`term_id`,`weight`)
) ENGINE=InnoDB DEFAULT CHARSET=utf8;
/*!40101 SET character_set_client = @saved_cs_client */;

--
-- Dumping data for table `triv_finder_links_terms5`
--

LOCK TABLES `triv_finder_links_terms5` WRITE;
/*!40000 ALTER TABLE `triv_finder_links_terms5` DISABLE KEYS */;
/*!40000 ALTER TABLE `triv_finder_links_terms5` ENABLE KEYS */;
UNLOCK TABLES;

--
-- Table structure for table `triv_finder_links_terms6`
--

DROP TABLE IF EXISTS `triv_finder_links_terms6`;
/*!40101 SET @saved_cs_client     = @@character_set_client */;
/*!40101 SET character_set_client = utf8 */;
CREATE TABLE `triv_finder_links_terms6` (
  `link_id` int(10) unsigned NOT NULL,
  `term_id` int(10) unsigned NOT NULL,
  `weight` float unsigned NOT NULL,
  PRIMARY KEY (`link_id`,`term_id`),
  KEY `idx_term_weight` (`term_id`,`weight`),
  KEY `idx_link_term_weight` (`link_id`,`term_id`,`weight`)
) ENGINE=InnoDB DEFAULT CHARSET=utf8;
/*!40101 SET character_set_client = @saved_cs_client */;

--
-- Dumping data for table `triv_finder_links_terms6`
--

LOCK TABLES `triv_finder_links_terms6` WRITE;
/*!40000 ALTER TABLE `triv_finder_links_terms6` DISABLE KEYS */;
/*!40000 ALTER TABLE `triv_finder_links_terms6` ENABLE KEYS */;
UNLOCK TABLES;

--
-- Table structure for table `triv_finder_links_terms7`
--

DROP TABLE IF EXISTS `triv_finder_links_terms7`;
/*!40101 SET @saved_cs_client     = @@character_set_client */;
/*!40101 SET character_set_client = utf8 */;
CREATE TABLE `triv_finder_links_terms7` (
  `link_id` int(10) unsigned NOT NULL,
  `term_id` int(10) unsigned NOT NULL,
  `weight` float unsigned NOT NULL,
  PRIMARY KEY (`link_id`,`term_id`),
  KEY `idx_term_weight` (`term_id`,`weight`),
  KEY `idx_link_term_weight` (`link_id`,`term_id`,`weight`)
) ENGINE=InnoDB DEFAULT CHARSET=utf8;
/*!40101 SET character_set_client = @saved_cs_client */;

--
-- Dumping data for table `triv_finder_links_terms7`
--

LOCK TABLES `triv_finder_links_terms7` WRITE;
/*!40000 ALTER TABLE `triv_finder_links_terms7` DISABLE KEYS */;
/*!40000 ALTER TABLE `triv_finder_links_terms7` ENABLE KEYS */;
UNLOCK TABLES;

--
-- Table structure for table `triv_finder_links_terms8`
--

DROP TABLE IF EXISTS `triv_finder_links_terms8`;
/*!40101 SET @saved_cs_client     = @@character_set_client */;
/*!40101 SET character_set_client = utf8 */;
CREATE TABLE `triv_finder_links_terms8` (
  `link_id` int(10) unsigned NOT NULL,
  `term_id` int(10) unsigned NOT NULL,
  `weight` float unsigned NOT NULL,
  PRIMARY KEY (`link_id`,`term_id`),
  KEY `idx_term_weight` (`term_id`,`weight`),
  KEY `idx_link_term_weight` (`link_id`,`term_id`,`weight`)
) ENGINE=InnoDB DEFAULT CHARSET=utf8;
/*!40101 SET character_set_client = @saved_cs_client */;

--
-- Dumping data for table `triv_finder_links_terms8`
--

LOCK TABLES `triv_finder_links_terms8` WRITE;
/*!40000 ALTER TABLE `triv_finder_links_terms8` DISABLE KEYS */;
/*!40000 ALTER TABLE `triv_finder_links_terms8` ENABLE KEYS */;
UNLOCK TABLES;

--
-- Table structure for table `triv_finder_links_terms9`
--

DROP TABLE IF EXISTS `triv_finder_links_terms9`;
/*!40101 SET @saved_cs_client     = @@character_set_client */;
/*!40101 SET character_set_client = utf8 */;
CREATE TABLE `triv_finder_links_terms9` (
  `link_id` int(10) unsigned NOT NULL,
  `term_id` int(10) unsigned NOT NULL,
  `weight` float unsigned NOT NULL,
  PRIMARY KEY (`link_id`,`term_id`),
  KEY `idx_term_weight` (`term_id`,`weight`),
  KEY `idx_link_term_weight` (`link_id`,`term_id`,`weight`)
) ENGINE=InnoDB DEFAULT CHARSET=utf8;
/*!40101 SET character_set_client = @saved_cs_client */;

--
-- Dumping data for table `triv_finder_links_terms9`
--

LOCK TABLES `triv_finder_links_terms9` WRITE;
/*!40000 ALTER TABLE `triv_finder_links_terms9` DISABLE KEYS */;
/*!40000 ALTER TABLE `triv_finder_links_terms9` ENABLE KEYS */;
UNLOCK TABLES;

--
-- Table structure for table `triv_finder_links_termsa`
--

DROP TABLE IF EXISTS `triv_finder_links_termsa`;
/*!40101 SET @saved_cs_client     = @@character_set_client */;
/*!40101 SET character_set_client = utf8 */;
CREATE TABLE `triv_finder_links_termsa` (
  `link_id` int(10) unsigned NOT NULL,
  `term_id` int(10) unsigned NOT NULL,
  `weight` float unsigned NOT NULL,
  PRIMARY KEY (`link_id`,`term_id`),
  KEY `idx_term_weight` (`term_id`,`weight`),
  KEY `idx_link_term_weight` (`link_id`,`term_id`,`weight`)
) ENGINE=InnoDB DEFAULT CHARSET=utf8;
/*!40101 SET character_set_client = @saved_cs_client */;

--
-- Dumping data for table `triv_finder_links_termsa`
--

LOCK TABLES `triv_finder_links_termsa` WRITE;
/*!40000 ALTER TABLE `triv_finder_links_termsa` DISABLE KEYS */;
/*!40000 ALTER TABLE `triv_finder_links_termsa` ENABLE KEYS */;
UNLOCK TABLES;

--
-- Table structure for table `triv_finder_links_termsb`
--

DROP TABLE IF EXISTS `triv_finder_links_termsb`;
/*!40101 SET @saved_cs_client     = @@character_set_client */;
/*!40101 SET character_set_client = utf8 */;
CREATE TABLE `triv_finder_links_termsb` (
  `link_id` int(10) unsigned NOT NULL,
  `term_id` int(10) unsigned NOT NULL,
  `weight` float unsigned NOT NULL,
  PRIMARY KEY (`link_id`,`term_id`),
  KEY `idx_term_weight` (`term_id`,`weight`),
  KEY `idx_link_term_weight` (`link_id`,`term_id`,`weight`)
) ENGINE=InnoDB DEFAULT CHARSET=utf8;
/*!40101 SET character_set_client = @saved_cs_client */;

--
-- Dumping data for table `triv_finder_links_termsb`
--

LOCK TABLES `triv_finder_links_termsb` WRITE;
/*!40000 ALTER TABLE `triv_finder_links_termsb` DISABLE KEYS */;
/*!40000 ALTER TABLE `triv_finder_links_termsb` ENABLE KEYS */;
UNLOCK TABLES;

--
-- Table structure for table `triv_finder_links_termsc`
--

DROP TABLE IF EXISTS `triv_finder_links_termsc`;
/*!40101 SET @saved_cs_client     = @@character_set_client */;
/*!40101 SET character_set_client = utf8 */;
CREATE TABLE `triv_finder_links_termsc` (
  `link_id` int(10) unsigned NOT NULL,
  `term_id` int(10) unsigned NOT NULL,
  `weight` float unsigned NOT NULL,
  PRIMARY KEY (`link_id`,`term_id`),
  KEY `idx_term_weight` (`term_id`,`weight`),
  KEY `idx_link_term_weight` (`link_id`,`term_id`,`weight`)
) ENGINE=InnoDB DEFAULT CHARSET=utf8;
/*!40101 SET character_set_client = @saved_cs_client */;

--
-- Dumping data for table `triv_finder_links_termsc`
--

LOCK TABLES `triv_finder_links_termsc` WRITE;
/*!40000 ALTER TABLE `triv_finder_links_termsc` DISABLE KEYS */;
/*!40000 ALTER TABLE `triv_finder_links_termsc` ENABLE KEYS */;
UNLOCK TABLES;

--
-- Table structure for table `triv_finder_links_termsd`
--

DROP TABLE IF EXISTS `triv_finder_links_termsd`;
/*!40101 SET @saved_cs_client     = @@character_set_client */;
/*!40101 SET character_set_client = utf8 */;
CREATE TABLE `triv_finder_links_termsd` (
  `link_id` int(10) unsigned NOT NULL,
  `term_id` int(10) unsigned NOT NULL,
  `weight` float unsigned NOT NULL,
  PRIMARY KEY (`link_id`,`term_id`),
  KEY `idx_term_weight` (`term_id`,`weight`),
  KEY `idx_link_term_weight` (`link_id`,`term_id`,`weight`)
) ENGINE=InnoDB DEFAULT CHARSET=utf8;
/*!40101 SET character_set_client = @saved_cs_client */;

--
-- Dumping data for table `triv_finder_links_termsd`
--

LOCK TABLES `triv_finder_links_termsd` WRITE;
/*!40000 ALTER TABLE `triv_finder_links_termsd` DISABLE KEYS */;
/*!40000 ALTER TABLE `triv_finder_links_termsd` ENABLE KEYS */;
UNLOCK TABLES;

--
-- Table structure for table `triv_finder_links_termse`
--

DROP TABLE IF EXISTS `triv_finder_links_termse`;
/*!40101 SET @saved_cs_client     = @@character_set_client */;
/*!40101 SET character_set_client = utf8 */;
CREATE TABLE `triv_finder_links_termse` (
  `link_id` int(10) unsigned NOT NULL,
  `term_id` int(10) unsigned NOT NULL,
  `weight` float unsigned NOT NULL,
  PRIMARY KEY (`link_id`,`term_id`),
  KEY `idx_term_weight` (`term_id`,`weight`),
  KEY `idx_link_term_weight` (`link_id`,`term_id`,`weight`)
) ENGINE=InnoDB DEFAULT CHARSET=utf8;
/*!40101 SET character_set_client = @saved_cs_client */;

--
-- Dumping data for table `triv_finder_links_termse`
--

LOCK TABLES `triv_finder_links_termse` WRITE;
/*!40000 ALTER TABLE `triv_finder_links_termse` DISABLE KEYS */;
/*!40000 ALTER TABLE `triv_finder_links_termse` ENABLE KEYS */;
UNLOCK TABLES;

--
-- Table structure for table `triv_finder_links_termsf`
--

DROP TABLE IF EXISTS `triv_finder_links_termsf`;
/*!40101 SET @saved_cs_client     = @@character_set_client */;
/*!40101 SET character_set_client = utf8 */;
CREATE TABLE `triv_finder_links_termsf` (
  `link_id` int(10) unsigned NOT NULL,
  `term_id` int(10) unsigned NOT NULL,
  `weight` float unsigned NOT NULL,
  PRIMARY KEY (`link_id`,`term_id`),
  KEY `idx_term_weight` (`term_id`,`weight`),
  KEY `idx_link_term_weight` (`link_id`,`term_id`,`weight`)
) ENGINE=InnoDB DEFAULT CHARSET=utf8;
/*!40101 SET character_set_client = @saved_cs_client */;

--
-- Dumping data for table `triv_finder_links_termsf`
--

LOCK TABLES `triv_finder_links_termsf` WRITE;
/*!40000 ALTER TABLE `triv_finder_links_termsf` DISABLE KEYS */;
/*!40000 ALTER TABLE `triv_finder_links_termsf` ENABLE KEYS */;
UNLOCK TABLES;

--
-- Table structure for table `triv_finder_taxonomy`
--

DROP TABLE IF EXISTS `triv_finder_taxonomy`;
/*!40101 SET @saved_cs_client     = @@character_set_client */;
/*!40101 SET character_set_client = utf8 */;
CREATE TABLE `triv_finder_taxonomy` (
  `id` int(10) unsigned NOT NULL AUTO_INCREMENT,
  `parent_id` int(10) unsigned NOT NULL DEFAULT '0',
  `title` varchar(255) NOT NULL,
  `state` tinyint(1) unsigned NOT NULL DEFAULT '1',
  `access` tinyint(1) unsigned NOT NULL DEFAULT '0',
  `ordering` tinyint(1) unsigned NOT NULL DEFAULT '0',
  PRIMARY KEY (`id`),
  KEY `parent_id` (`parent_id`),
  KEY `state` (`state`),
  KEY `ordering` (`ordering`),
  KEY `access` (`access`),
  KEY `idx_parent_published` (`parent_id`,`state`,`access`)
) ENGINE=InnoDB AUTO_INCREMENT=2 DEFAULT CHARSET=utf8;
/*!40101 SET character_set_client = @saved_cs_client */;

--
-- Dumping data for table `triv_finder_taxonomy`
--

LOCK TABLES `triv_finder_taxonomy` WRITE;
/*!40000 ALTER TABLE `triv_finder_taxonomy` DISABLE KEYS */;
INSERT INTO `triv_finder_taxonomy` VALUES (1,0,'ROOT',0,0,0);
/*!40000 ALTER TABLE `triv_finder_taxonomy` ENABLE KEYS */;
UNLOCK TABLES;

--
-- Table structure for table `triv_finder_taxonomy_map`
--

DROP TABLE IF EXISTS `triv_finder_taxonomy_map`;
/*!40101 SET @saved_cs_client     = @@character_set_client */;
/*!40101 SET character_set_client = utf8 */;
CREATE TABLE `triv_finder_taxonomy_map` (
  `link_id` int(10) unsigned NOT NULL,
  `node_id` int(10) unsigned NOT NULL,
  PRIMARY KEY (`link_id`,`node_id`),
  KEY `link_id` (`link_id`),
  KEY `node_id` (`node_id`)
) ENGINE=InnoDB DEFAULT CHARSET=utf8;
/*!40101 SET character_set_client = @saved_cs_client */;

--
-- Dumping data for table `triv_finder_taxonomy_map`
--

LOCK TABLES `triv_finder_taxonomy_map` WRITE;
/*!40000 ALTER TABLE `triv_finder_taxonomy_map` DISABLE KEYS */;
/*!40000 ALTER TABLE `triv_finder_taxonomy_map` ENABLE KEYS */;
UNLOCK TABLES;

--
-- Table structure for table `triv_finder_terms`
--

DROP TABLE IF EXISTS `triv_finder_terms`;
/*!40101 SET @saved_cs_client     = @@character_set_client */;
/*!40101 SET character_set_client = utf8 */;
CREATE TABLE `triv_finder_terms` (
  `term_id` int(10) unsigned NOT NULL AUTO_INCREMENT,
  `term` varchar(75) NOT NULL,
  `stem` varchar(75) NOT NULL,
  `common` tinyint(1) unsigned NOT NULL DEFAULT '0',
  `phrase` tinyint(1) unsigned NOT NULL DEFAULT '0',
  `weight` float unsigned NOT NULL DEFAULT '0',
  `soundex` varchar(75) NOT NULL,
  `links` int(10) NOT NULL DEFAULT '0',
  `language` char(3) NOT NULL DEFAULT '',
  PRIMARY KEY (`term_id`),
  UNIQUE KEY `idx_term` (`term`),
  KEY `idx_term_phrase` (`term`,`phrase`),
  KEY `idx_stem_phrase` (`stem`,`phrase`),
  KEY `idx_soundex_phrase` (`soundex`,`phrase`)
) ENGINE=InnoDB DEFAULT CHARSET=utf8;
/*!40101 SET character_set_client = @saved_cs_client */;

--
-- Dumping data for table `triv_finder_terms`
--

LOCK TABLES `triv_finder_terms` WRITE;
/*!40000 ALTER TABLE `triv_finder_terms` DISABLE KEYS */;
/*!40000 ALTER TABLE `triv_finder_terms` ENABLE KEYS */;
UNLOCK TABLES;

--
-- Table structure for table `triv_finder_terms_common`
--

DROP TABLE IF EXISTS `triv_finder_terms_common`;
/*!40101 SET @saved_cs_client     = @@character_set_client */;
/*!40101 SET character_set_client = utf8 */;
CREATE TABLE `triv_finder_terms_common` (
  `term` varchar(75) NOT NULL,
  `language` varchar(3) NOT NULL,
  KEY `idx_word_lang` (`term`,`language`),
  KEY `idx_lang` (`language`)
) ENGINE=InnoDB DEFAULT CHARSET=utf8;
/*!40101 SET character_set_client = @saved_cs_client */;

--
-- Dumping data for table `triv_finder_terms_common`
--

LOCK TABLES `triv_finder_terms_common` WRITE;
/*!40000 ALTER TABLE `triv_finder_terms_common` DISABLE KEYS */;
INSERT INTO `triv_finder_terms_common` VALUES ('a','en'),('about','en'),('after','en'),('ago','en'),('all','en'),('am','en'),('an','en'),('and','en'),('ani','en'),('any','en'),('are','en'),('aren\'t','en'),('as','en'),('at','en'),('be','en'),('but','en'),('by','en'),('for','en'),('from','en'),('get','en'),('go','en'),('how','en'),('if','en'),('in','en'),('into','en'),('is','en'),('isn\'t','en'),('it','en'),('its','en'),('me','en'),('more','en'),('most','en'),('must','en'),('my','en'),('new','en'),('no','en'),('none','en'),('not','en'),('noth','en'),('nothing','en'),('of','en'),('off','en'),('often','en'),('old','en'),('on','en'),('onc','en'),('once','en'),('onli','en'),('only','en'),('or','en'),('other','en'),('our','en'),('ours','en'),('out','en'),('over','en'),('page','en'),('she','en'),('should','en'),('small','en'),('so','en'),('some','en'),('than','en'),('thank','en'),('that','en'),('the','en'),('their','en'),('theirs','en'),('them','en'),('then','en'),('there','en'),('these','en'),('they','en'),('this','en'),('those','en'),('thus','en'),('time','en'),('times','en'),('to','en'),('too','en'),('true','en'),('under','en'),('until','en'),('up','en'),('upon','en'),('use','en'),('user','en'),('users','en'),('veri','en'),('version','en'),('very','en'),('via','en'),('want','en'),('was','en'),('way','en'),('were','en'),('what','en'),('when','en'),('where','en'),('whi','en'),('which','en'),('who','en'),('whom','en'),('whose','en'),('why','en'),('wide','en'),('will','en'),('with','en'),('within','en'),('without','en'),('would','en'),('yes','en'),('yet','en'),('you','en'),('your','en'),('yours','en');
/*!40000 ALTER TABLE `triv_finder_terms_common` ENABLE KEYS */;
UNLOCK TABLES;

--
-- Table structure for table `triv_finder_tokens`
--

DROP TABLE IF EXISTS `triv_finder_tokens`;
/*!40101 SET @saved_cs_client     = @@character_set_client */;
/*!40101 SET character_set_client = utf8 */;
CREATE TABLE `triv_finder_tokens` (
  `term` varchar(75) NOT NULL,
  `stem` varchar(75) NOT NULL,
  `common` tinyint(1) unsigned NOT NULL DEFAULT '0',
  `phrase` tinyint(1) unsigned NOT NULL DEFAULT '0',
  `weight` float unsigned NOT NULL DEFAULT '1',
  `context` tinyint(1) unsigned NOT NULL DEFAULT '2',
  `language` char(3) NOT NULL DEFAULT '',
  KEY `idx_word` (`term`),
  KEY `idx_context` (`context`)
) ENGINE=MEMORY DEFAULT CHARSET=utf8;
/*!40101 SET character_set_client = @saved_cs_client */;

--
-- Dumping data for table `triv_finder_tokens`
--

LOCK TABLES `triv_finder_tokens` WRITE;
/*!40000 ALTER TABLE `triv_finder_tokens` DISABLE KEYS */;
/*!40000 ALTER TABLE `triv_finder_tokens` ENABLE KEYS */;
UNLOCK TABLES;

--
-- Table structure for table `triv_finder_tokens_aggregate`
--

DROP TABLE IF EXISTS `triv_finder_tokens_aggregate`;
/*!40101 SET @saved_cs_client     = @@character_set_client */;
/*!40101 SET character_set_client = utf8 */;
CREATE TABLE `triv_finder_tokens_aggregate` (
  `term_id` int(10) unsigned NOT NULL,
  `map_suffix` char(1) NOT NULL,
  `term` varchar(75) NOT NULL,
  `stem` varchar(75) NOT NULL,
  `common` tinyint(1) unsigned NOT NULL DEFAULT '0',
  `phrase` tinyint(1) unsigned NOT NULL DEFAULT '0',
  `term_weight` float unsigned NOT NULL,
  `context` tinyint(1) unsigned NOT NULL DEFAULT '2',
  `context_weight` float unsigned NOT NULL,
  `total_weight` float unsigned NOT NULL,
  `language` char(3) NOT NULL DEFAULT '',
  KEY `token` (`term`),
  KEY `keyword_id` (`term_id`)
) ENGINE=MEMORY DEFAULT CHARSET=utf8;
/*!40101 SET character_set_client = @saved_cs_client */;

--
-- Dumping data for table `triv_finder_tokens_aggregate`
--

LOCK TABLES `triv_finder_tokens_aggregate` WRITE;
/*!40000 ALTER TABLE `triv_finder_tokens_aggregate` DISABLE KEYS */;
/*!40000 ALTER TABLE `triv_finder_tokens_aggregate` ENABLE KEYS */;
UNLOCK TABLES;

--
-- Table structure for table `triv_finder_types`
--

DROP TABLE IF EXISTS `triv_finder_types`;
/*!40101 SET @saved_cs_client     = @@character_set_client */;
/*!40101 SET character_set_client = utf8 */;
CREATE TABLE `triv_finder_types` (
  `id` int(10) unsigned NOT NULL AUTO_INCREMENT,
  `title` varchar(100) NOT NULL,
  `mime` varchar(100) NOT NULL,
  PRIMARY KEY (`id`),
  UNIQUE KEY `title` (`title`)
) ENGINE=InnoDB DEFAULT CHARSET=utf8;
/*!40101 SET character_set_client = @saved_cs_client */;

--
-- Dumping data for table `triv_finder_types`
--

LOCK TABLES `triv_finder_types` WRITE;
/*!40000 ALTER TABLE `triv_finder_types` DISABLE KEYS */;
/*!40000 ALTER TABLE `triv_finder_types` ENABLE KEYS */;
UNLOCK TABLES;

--
-- Table structure for table `triv_games_answers`
--

DROP TABLE IF EXISTS `triv_games_answers`;
/*!40101 SET @saved_cs_client     = @@character_set_client */;
/*!40101 SET character_set_client = utf8 */;
CREATE TABLE `triv_games_answers` (
  `answer_id` int(11) NOT NULL AUTO_INCREMENT,
  `question_id` int(11) NOT NULL,
  `answer_text` text NOT NULL,
  `ordering` int(11) NOT NULL,
  `correct` tinyint(4) NOT NULL,
  `enabled` tinyint(4) NOT NULL,
  PRIMARY KEY (`answer_id`)
) ENGINE=InnoDB AUTO_INCREMENT=214 DEFAULT CHARSET=utf8;
/*!40101 SET character_set_client = @saved_cs_client */;

--
-- Dumping data for table `triv_games_answers`
--

LOCK TABLES `triv_games_answers` WRITE;
/*!40000 ALTER TABLE `triv_games_answers` DISABLE KEYS */;
INSERT INTO `triv_games_answers` VALUES (1,1,'Lake Tanganyika',0,0,0),(2,2,'New Zealand',0,0,0),(3,3,'Singapore',0,0,0),(4,4,'8',0,1,0),(5,5,'Israel',0,1,0),(6,6,'George VI',0,1,0),(7,7,'Maerten Vries',0,0,0),(8,8,'Hexagon',0,0,0),(9,9,'2,000',0,0,0),(10,10,'millimeters',0,1,0),(11,11,'Daniel Day-Lewis',0,0,0),(12,12,'Spain',0,0,0),(13,13,'1/4',0,0,0),(14,14,'Giant',0,0,0),(15,15,'Calcutta',0,1,0),(16,16,'A district of Seoul',0,1,0),(17,17,'Alaska',0,0,0),(18,18,'Japan / Germany / UK',0,1,0),(19,19,'4,600km',0,0,0),(20,20,'Raphael',0,0,0),(21,21,'Chewbacca',0,1,0),(22,22,'Stetson',0,0,0),(23,23,'Emu',0,0,0),(24,24,'CDU',0,1,0),(25,25,'Naoto Kan',0,0,0),(26,26,'Liberian',0,0,0),(27,27,'Disney World, Orlando, Florida',0,1,0),(28,28,'Computer programming languages',0,1,0),(29,29,'Chromite',0,1,0),(30,30,'De Lorean',0,1,0),(31,31,'Thailand',0,1,0),(32,32,'Daimler',0,1,0),(33,33,'Lira',0,1,0),(34,34,'Tea',0,1,0),(35,35,'IBM',0,1,0),(36,36,'Ford',0,1,0),(37,37,'Jamaica',0,1,0),(38,38,'Great Britain',0,1,0),(39,39,'Tamagotchi',0,1,0),(40,40,'A belly-button',0,1,0),(41,41,'6',0,1,0),(42,42,'London',0,0,0),(43,43,'Tchaikovsky',0,1,0),(44,44,'Jane Austen',0,1,0),(45,45,'Goldfinger',0,1,0),(46,46,'Pt',0,1,0),(47,47,'Radio',0,1,0),(48,48,'Muggles',0,1,0),(49,49,'Van Gogh',0,1,0),(50,50,'Shoulder blade',0,1,0),(51,51,'Lungs',0,1,0),(52,52,'Chelsea',0,1,0),(53,53,'Lourdes',0,1,0),(54,54,'Stephen Harper',0,1,0),(55,55,'Spain',0,0,0),(56,56,'Tron',0,0,0),(57,1,'Lake Baikal',0,1,0),(58,2,'Russia',0,0,0),(59,3,'Monaco',0,1,0),(60,4,'9',0,0,0),(61,5,'Ireland',0,0,0),(62,6,'Richard III',0,0,0),(63,7,'James Cook',0,0,0),(64,8,'Octagon',0,1,0),(65,9,'1,600',0,1,0),(66,10,'centimeters',0,0,0),(67,11,'Jean Dujardin',0,1,0),(68,12,'Italy',0,0,0),(69,13,'4/15',0,1,0),(70,14,'Some like it hot',0,0,0),(71,15,'Mumbay',0,0,0),(72,16,'A district of Tokyo',0,0,0),(73,17,'Hawaii',0,1,0),(74,18,'Germany / Japan / France',0,0,0),(75,19,'8,200km',0,0,0),(76,20,'Donatello',0,0,0),(77,21,'Seaman',0,0,0),(78,22,'Fez',0,1,0),(79,23,'Kiwi',0,0,0),(80,24,'SPD',0,0,0),(81,25,'Yoshihiko Noda',0,0,0),(82,26,'Ghanaian',0,1,0),(83,27,'Eiffel Tower, Paris',0,0,0),(84,28,'StarWars Characters',0,0,0),(85,29,'Silver',0,0,0),(86,30,'Ferrari',0,0,0),(87,31,'Malaysia',0,0,0),(88,32,'Ford',0,0,0),(89,33,'Peso',0,0,0),(90,34,'Coffee',0,0,0),(91,35,'Oracle',0,0,0),(92,36,'Volkswagon',0,0,0),(93,37,'Denmark',0,0,0),(94,38,'France',0,0,0),(95,39,'Skylanders',0,0,0),(96,40,'A child',0,0,0),(97,41,'8',0,0,0),(98,42,'Atlantic city, New Jersey',0,1,0),(99,43,'Wagner',0,0,0),(100,44,'Agatha Christie',0,0,0),(101,45,'GoldenEye',0,0,0),(102,46,'Pl',0,0,0),(103,47,'Television',0,0,0),(104,48,'Dementors',0,0,0),(105,49,'Monet',0,0,0),(106,50,'Foot',0,0,0),(107,51,'Kidneys',0,0,0),(108,52,'Amy',0,0,0),(109,53,'Paris',0,0,0),(110,54,'Jean Chretien',0,0,0),(111,55,'Italy',0,0,0),(112,56,'Donkey Kong',0,1,0),(113,1,'The Caspian Sea',0,0,0),(114,2,'The USA',0,1,0),(115,3,'Malta',0,0,0),(116,4,'10',0,0,0),(117,5,'New Zealand',0,0,0),(118,6,'Edward VIII',0,0,0),(119,7,'Abel Tasman',0,1,0),(120,8,'Decagon',0,0,0),(121,9,'500',0,0,0),(122,10,'decimeters',0,0,0),(123,11,'Colin Firth',0,0,0),(124,12,'Neither a or b',0,1,0),(125,13,'Neither a or b',0,0,0),(126,14,'The misfits',0,1,0),(127,15,'Delhi',0,0,0),(128,16,'A district of Beijing',0,0,0),(129,17,'Ohio',0,0,0),(130,18,'Japan / Brazil / UK',0,0,0),(131,19,'6,400km',0,1,0),(132,20,'Mario',0,1,0),(133,21,'Leia',0,0,0),(134,22,'Djellaba',0,0,0),(135,23,'Ostrich',0,1,0),(136,24,'CSU',0,0,0),(137,25,'Shinzo Abe',0,1,0),(138,26,'ethiopian',0,0,0),(139,27,'Forbidden City, Beijing',0,0,0),(140,28,'Cities in Africa',0,0,0),(141,29,'Copper',0,0,0),(142,30,'Lotus',0,0,0),(143,31,'Vietnam',0,0,0),(144,32,'Dusenberg',0,0,0),(145,33,'Euro',0,0,0),(146,34,'Coca-Cola',0,0,0),(147,35,'Microsoft',0,0,0),(148,36,'Rolls Royce',0,0,0),(149,37,'Austria',0,0,0),(150,38,'Germany',0,0,0),(151,39,'Furbis',0,0,0),(152,40,'A Tattoo',0,0,0),(153,41,'10',0,0,0),(154,42,' Philadelphia, Pennsylvania',0,0,0),(155,43,'Puccini',0,0,0),(156,44,'Emily Bronte',0,0,0),(157,45,'Thunderball',0,0,0),(158,46,'Pn',0,0,0),(159,47,'Computer',0,0,0),(160,48,'Mudbloods',0,0,0),(161,49,'Picasso',0,0,0),(162,50,'Ear',0,0,0),(163,51,'Eyes',0,0,0),(164,52,'Hillary',0,0,0),(165,53,'Evian',0,0,0),(166,54,'Stephen Fry',0,0,0),(167,55,'Brazil',0,1,0),(168,56,'Super Mario',0,0,0),(169,56,'Gameplay',0,0,0),(170,57,'1. Facebook 2. Twitter 3. LinkedIn',0,1,0),(171,58,'Electronic promotion',0,0,0),(172,59,'Apple',0,0,0),(173,60,'Re-mission',0,1,0),(174,61,'Yahoo!',0,0,0),(175,62,'The possibility to capture data automatically during the call',0,0,0),(176,63,'Brazil',0,1,0),(177,64,'To indicate slang or crude language',0,0,0),(178,65,'Wii',0,0,0),(179,66,'Google Android',0,1,0),(180,67,'Nearly double with 41.5 billions',0,0,0),(181,68,'2010',0,1,0),(182,69,'Suprabits',0,0,0),(183,70,'586 millions',0,0,0),(184,56,'Childizition',0,0,0),(185,57,'1. Twitter 2. Facebook 3. Qzone',0,0,0),(186,58,'Closed-loop marketing',0,1,0),(187,59,'Yahoo!',0,0,0),(188,60,'Pan-demia',0,0,0),(189,61,'Youtube',0,1,0),(190,62,'The nice animations and videos on ipads',0,0,0),(191,63,'Australia',0,0,0),(192,64,'To mark keywords or topics',0,1,0),(193,65,'Playstation',0,1,0),(194,66,'Apple iOS',0,0,0),(195,67,'More than triple with 64.1 billion',0,1,0),(196,68,'2011',0,0,0),(197,69,'Exabits',0,0,0),(198,70,'1.06 billions',0,1,0),(199,56,'Serious games',0,1,0),(200,57,'1. Facebook 2. MySpace 3. Twitter',0,0,0),(201,58,'iPad show off',0,0,0),(202,59,'Google',0,1,0),(203,60,'Re-vitalization',0,0,0),(204,61,'Baidu',0,0,0),(205,62,'Both',0,1,0),(206,63,'USA',0,0,0),(207,64,'To indicate phone numbers',0,0,0),(208,65,'X-box',0,0,0),(209,66,'Windows mobile',0,0,0),(210,67,'Raise by nearly 60% with 33 billions',0,0,0),(211,68,'2012',0,0,0),(212,69,'Petabits',0,1,0),(213,70,'1.76 billions',0,0,0);
/*!40000 ALTER TABLE `triv_games_answers` ENABLE KEYS */;
UNLOCK TABLES;

--
-- Table structure for table `triv_games_clients`
--

DROP TABLE IF EXISTS `triv_games_clients`;
/*!40101 SET @saved_cs_client     = @@character_set_client */;
/*!40101 SET character_set_client = utf8 */;
CREATE TABLE `triv_games_clients` (
  `client_id` int(11) NOT NULL,
  `client_name` varchar(255) NOT NULL,
  `client_email` varchar(255) NOT NULL,
  `client_contact` varchar(255) NOT NULL,
  `client_phone` varchar(255) NOT NULL
) ENGINE=InnoDB DEFAULT CHARSET=utf8;
/*!40101 SET character_set_client = @saved_cs_client */;

--
-- Dumping data for table `triv_games_clients`
--

LOCK TABLES `triv_games_clients` WRITE;
/*!40000 ALTER TABLE `triv_games_clients` DISABLE KEYS */;
/*!40000 ALTER TABLE `triv_games_clients` ENABLE KEYS */;
UNLOCK TABLES;

--
-- Table structure for table `triv_games_config`
--

DROP TABLE IF EXISTS `triv_games_config`;
/*!40101 SET @saved_cs_client     = @@character_set_client */;
/*!40101 SET character_set_client = utf8 */;
CREATE TABLE `triv_games_config` (
  `config_id` int(11) NOT NULL AUTO_INCREMENT,
  `config_name` varchar(255) NOT NULL,
  `value` text NOT NULL,
  PRIMARY KEY (`config_id`)
) ENGINE=MyISAM DEFAULT CHARSET=utf8;
/*!40101 SET character_set_client = @saved_cs_client */;

--
-- Dumping data for table `triv_games_config`
--

LOCK TABLES `triv_games_config` WRITE;
/*!40000 ALTER TABLE `triv_games_config` DISABLE KEYS */;
/*!40000 ALTER TABLE `triv_games_config` ENABLE KEYS */;
UNLOCK TABLES;

--
-- Table structure for table `triv_games_gamers`
--

DROP TABLE IF EXISTS `triv_games_gamers`;
/*!40101 SET @saved_cs_client     = @@character_set_client */;
/*!40101 SET character_set_client = utf8 */;
CREATE TABLE `triv_games_gamers` (
  `gamer_id` int(11) NOT NULL AUTO_INCREMENT,
  `user_id` int(11) NOT NULL,
  `first_name` varchar(255) NOT NULL,
  `last_name` varchar(255) NOT NULL,
  PRIMARY KEY (`gamer_id`)
) ENGINE=InnoDB DEFAULT CHARSET=utf8;
/*!40101 SET character_set_client = @saved_cs_client */;

--
-- Dumping data for table `triv_games_gamers`
--

LOCK TABLES `triv_games_gamers` WRITE;
/*!40000 ALTER TABLE `triv_games_gamers` DISABLE KEYS */;
/*!40000 ALTER TABLE `triv_games_gamers` ENABLE KEYS */;
UNLOCK TABLES;

--
-- Table structure for table `triv_games_games`
--

DROP TABLE IF EXISTS `triv_games_games`;
/*!40101 SET @saved_cs_client     = @@character_set_client */;
/*!40101 SET character_set_client = utf8 */;
CREATE TABLE `triv_games_games` (
  `game_id` int(11) NOT NULL AUTO_INCREMENT,
  `game_name` text NOT NULL,
  `user_id` int(11) NOT NULL,
  `enabled` tinyint(4) NOT NULL,
  `created_date` datetime NOT NULL,
  `modified_date` datetime NOT NULL,
  `publish_date` datetime NOT NULL,
  `unpublish_date` datetime NOT NULL,
  PRIMARY KEY (`game_id`)
) ENGINE=InnoDB AUTO_INCREMENT=16 DEFAULT CHARSET=utf8;
/*!40101 SET character_set_client = @saved_cs_client */;

--
-- Dumping data for table `triv_games_games`
--

LOCK TABLES `triv_games_games` WRITE;
/*!40000 ALTER TABLE `triv_games_games` DISABLE KEYS */;
INSERT INTO `triv_games_games` VALUES (1,'Station 1',0,1,'0000-00-00 00:00:00','0000-00-00 00:00:00','0000-00-00 00:00:00','0000-00-00 00:00:00'),(2,'Station 2',0,1,'0000-00-00 00:00:00','0000-00-00 00:00:00','0000-00-00 00:00:00','0000-00-00 00:00:00'),(3,' Station 3',0,1,'0000-00-00 00:00:00','0000-00-00 00:00:00','0000-00-00 00:00:00','0000-00-00 00:00:00'),(4,' Station 4',0,1,'0000-00-00 00:00:00','0000-00-00 00:00:00','0000-00-00 00:00:00','0000-00-00 00:00:00'),(5,' Station 5',0,1,'0000-00-00 00:00:00','0000-00-00 00:00:00','0000-00-00 00:00:00','0000-00-00 00:00:00'),(6,' Station 6',0,1,'0000-00-00 00:00:00','0000-00-00 00:00:00','0000-00-00 00:00:00','0000-00-00 00:00:00'),(7,' Station 7',0,1,'0000-00-00 00:00:00','0000-00-00 00:00:00','0000-00-00 00:00:00','0000-00-00 00:00:00'),(8,' Station 8',0,1,'0000-00-00 00:00:00','0000-00-00 00:00:00','0000-00-00 00:00:00','0000-00-00 00:00:00'),(9,' Station 9',0,1,'0000-00-00 00:00:00','0000-00-00 00:00:00','0000-00-00 00:00:00','0000-00-00 00:00:00'),(10,' Station 10',0,1,'0000-00-00 00:00:00','0000-00-00 00:00:00','0000-00-00 00:00:00','0000-00-00 00:00:00'),(11,'Station 11 ',0,1,'0000-00-00 00:00:00','0000-00-00 00:00:00','0000-00-00 00:00:00','0000-00-00 00:00:00'),(12,' Station 12',0,1,'0000-00-00 00:00:00','0000-00-00 00:00:00','0000-00-00 00:00:00','0000-00-00 00:00:00'),(13,'  Station 13',0,1,'0000-00-00 00:00:00','0000-00-00 00:00:00','0000-00-00 00:00:00','0000-00-00 00:00:00'),(14,'  Station 14',0,1,'0000-00-00 00:00:00','0000-00-00 00:00:00','0000-00-00 00:00:00','0000-00-00 00:00:00'),(15,'Station 15',0,1,'0000-00-00 00:00:00','0000-00-00 00:00:00','0000-00-00 00:00:00','0000-00-00 00:00:00');
/*!40000 ALTER TABLE `triv_games_games` ENABLE KEYS */;
UNLOCK TABLES;

--
-- Table structure for table `triv_games_prizes`
--

DROP TABLE IF EXISTS `triv_games_prizes`;
/*!40101 SET @saved_cs_client     = @@character_set_client */;
/*!40101 SET character_set_client = utf8 */;
CREATE TABLE `triv_games_prizes` (
  `prize_id` int(11) NOT NULL,
  `game_id` int(11) NOT NULL,
  `prize_name` varchar(255) NOT NULL,
  `prize_image` varchar(255) NOT NULL,
  `redeemed` int(11) NOT NULL DEFAULT '0',
  `qty` int(11) NOT NULL DEFAULT '1',
  `enabled` tinyint(4) NOT NULL DEFAULT '1',
  `publish_time` datetime NOT NULL,
  `unpublish_time` datetime NOT NULL,
  `wintime` datetime NOT NULL
) ENGINE=InnoDB DEFAULT CHARSET=utf8;
/*!40101 SET character_set_client = @saved_cs_client */;

--
-- Dumping data for table `triv_games_prizes`
--

LOCK TABLES `triv_games_prizes` WRITE;
/*!40000 ALTER TABLE `triv_games_prizes` DISABLE KEYS */;
INSERT INTO `triv_games_prizes` VALUES (1,1,'Motorola H19txt Bluetooth Headset','/images/win-1.png',0,1,1,'0000-00-00 00:00:00','0000-00-00 00:00:00','0000-00-00 00:00:00'),(2,2,'Platronics Audio 920 Bluetooth Headset','/images/win-2.png',0,1,1,'0000-00-00 00:00:00','0000-00-00 00:00:00','0000-00-00 00:00:00'),(3,3,'Sony Wireless Headset','/images/win-3.jpg',0,1,1,'0000-00-00 00:00:00','0000-00-00 00:00:00','0000-00-00 00:00:00'),(4,4,'iHome Speakers (black)','/images/win-4.png',0,1,1,'0000-00-00 00:00:00','0000-00-00 00:00:00','0000-00-00 00:00:00'),(5,5,'iHome Glow Tunes Speakers','/images/win-5.png',0,1,1,'0000-00-00 00:00:00','0000-00-00 00:00:00','0000-00-00 00:00:00'),(6,6,'AirCurve Play Amplifiez','/images/win-6.png',0,1,1,'0000-00-00 00:00:00','0000-00-00 00:00:00','0000-00-00 00:00:00'),(7,7,'MobiSolution Bluetooth Headset','/images/win-7.png',0,1,1,'0000-00-00 00:00:00','0000-00-00 00:00:00','0000-00-00 00:00:00'),(8,8,'Scosche solChat Bluetooth Speakerphone','/images/win-8.png',0,1,1,'0000-00-00 00:00:00','0000-00-00 00:00:00','0000-00-00 00:00:00'),(9,9,'Motorola Bluetooth Speakerphone','/images/win-9.png',0,1,1,'0000-00-00 00:00:00','0000-00-00 00:00:00','0000-00-00 00:00:00'),(10,10,'Atlanta Braves Tickets (2)','/images/win-10.png',0,1,1,'0000-00-00 00:00:00','0000-00-00 00:00:00','0000-00-00 00:00:00'),(11,11,'HTC 8x Smartphone','/images/win-11.png',0,1,1,'0000-00-00 00:00:00','0000-00-00 00:00:00','0000-00-00 00:00:00');
/*!40000 ALTER TABLE `triv_games_prizes` ENABLE KEYS */;
UNLOCK TABLES;

--
-- Table structure for table `triv_games_questions`
--

DROP TABLE IF EXISTS `triv_games_questions`;
/*!40101 SET @saved_cs_client     = @@character_set_client */;
/*!40101 SET character_set_client = utf8 */;
CREATE TABLE `triv_games_questions` (
  `question_id` int(11) NOT NULL AUTO_INCREMENT,
  `game_id` int(11) NOT NULL,
  `question_title` varchar(255) NOT NULL,
  `question_text` text NOT NULL,
  `value` int(11) NOT NULL DEFAULT '5',
  `ordering` int(11) NOT NULL,
  `datecreated` datetime NOT NULL,
  `enabled` tinyint(4) NOT NULL DEFAULT '1',
  PRIMARY KEY (`question_id`)
) ENGINE=InnoDB AUTO_INCREMENT=71 DEFAULT CHARSET=utf8;
/*!40101 SET character_set_client = @saved_cs_client */;

--
-- Dumping data for table `triv_games_questions`
--

LOCK TABLES `triv_games_questions` WRITE;
/*!40000 ALTER TABLE `triv_games_questions` DISABLE KEYS */;
INSERT INTO `triv_games_questions` VALUES (1,1,'','What is the deepest Lake on Earth?',5,0,'0000-00-00 00:00:00',1),(2,1,'','Which country hosts the largest number of geysers?',5,0,'0000-00-00 00:00:00',1),(3,1,'','Which country has the highest density of population?',5,0,'0000-00-00 00:00:00',1),(4,1,'','How many planets are part of the solar system?',5,0,'0000-00-00 00:00:00',1),(5,1,'','Which country is known as the \"Land of Milk and Honey?',5,0,'0000-00-00 00:00:00',1),(6,2,' ','The father of Queen Elizabeth II was king of Britain from 1936 until 1952. What was his name? ',5,0,'0000-00-00 00:00:00',1),(7,2,' ','Which Dutch navigator, in 1642, was the first European to discover Australia, New Zealand, and the Fiji Islands? ',5,0,'0000-00-00 00:00:00',1),(8,2,' ','A normal stop sign has the shape of what geometrical figure? ',5,0,'0000-00-00 00:00:00',1),(9,2,' ','You take a 2,000 mile automobile trip, and you use five tires equally. How many miles does each tire use? ',5,0,'0000-00-00 00:00:00',1),(10,2,' ','There are approximately 1.6 million of these in every mile. What are they? ',5,0,'0000-00-00 00:00:00',1),(11,3,' ','Which actor won the Best Actor Oscar Academy award in 2012? ',5,0,'0000-00-00 00:00:00',1),(12,3,' ','Which country won the Soccer World Cup in 2008? ',5,0,'0000-00-00 00:00:00',1),(13,3,' ','What number lies halfway between 1/3 and 1/5? ',5,0,'0000-00-00 00:00:00',1),(14,3,' ','Can you recall the name of the 1961 film which was coincidentally the last film made by both Clark Gable and Marilyn Monroe? ',5,0,'0000-00-00 00:00:00',1),(15,3,'  ','Where did Mother Teresa run a leprosy clinic from 1950 until her death in1997?  ',5,0,'0000-00-00 00:00:00',1),(16,4,'   ','Psy\'s song \'Gangnam Style\' refers to?   ',5,0,'0000-00-00 00:00:00',1),(17,4,'  ','The British Union Jack can be found in the flag of which US state?  ',5,0,'0000-00-00 00:00:00',1),(18,4,'  ','In terms of personal computer use, the United States leads the world with almost 150 million personal computers in use. Which three countries follow in total computers?  ',5,0,'0000-00-00 00:00:00',1),(19,4,'  ','What is the approximate distance from the surface fo the earth to the center of the earth?  ',5,0,'0000-00-00 00:00:00',1),(20,5,'   ','Which name was not one of the names of the four Teenage Mutant Ninja Turtles?   ',5,0,'0000-00-00 00:00:00',1),(21,4,'  ','What\'s the name of the hairy creature, friend of Han Solo in Star Wars?  ',5,0,'0000-00-00 00:00:00',1),(22,5,' ','What type of men\'s hat is named after a city in Morocco? ',5,0,'0000-00-00 00:00:00',1),(23,5,' ','What is the only bird which provides us with leather? ',5,0,'0000-00-00 00:00:00',1),(24,5,' ','Which political party Angela Merkel is heading? ',5,0,'0000-00-00 00:00:00',1),(25,5,'  ','What\'s the name of the current Prime Minister of Japan  ',5,0,'0000-00-00 00:00:00',1),(26,6,'  ','What is the nationality of Kofi Annam, former Secretary-General of the United Nations?  ',5,0,'0000-00-00 00:00:00',1),(27,6,' ','What is the most visited paying attraction in the world? ',5,0,'0000-00-00 00:00:00',1),(28,6,' ','What are Cobol, Java and Fortran? ',5,0,'0000-00-00 00:00:00',1),(29,6,' ','South Africa is the world\\\'s largest producer of 3 metals. Platinum and Gold are 2 of them, whats the third? ',5,0,'0000-00-00 00:00:00',1),(30,6,' ','Which car is featured in the film Back to the Future? ',5,0,'0000-00-00 00:00:00',1),(31,7,' ','The Baht is the monetary unit of which country? ',5,0,'0000-00-00 00:00:00',1),(32,7,' ','Which was the first company formed to manufacture motor cars? ',5,0,'0000-00-00 00:00:00',1),(33,7,' ','What is the currency of Turkey? ',5,0,'0000-00-00 00:00:00',1),(34,7,' ','Apart from water, what is the most widely consumed drink in the world? ',5,0,'0000-00-00 00:00:00',1),(35,7,' ','What company was formerly known as Computing Tabulating Recording Company? ',5,0,'0000-00-00 00:00:00',1),(36,8,' ','Which car company owns Jaguar? ',5,0,'0000-00-00 00:00:00',1),(37,8,' ','Which country is Red Stripe lager originally from? ',5,0,'0000-00-00 00:00:00',1),(38,8,' ','What was the first country to issue postage stamps? ',5,0,'0000-00-00 00:00:00',1),(39,8,' ','What was the name of the Japanese virtual pets that became very popular throughout the world in 1997? ',5,0,'0000-00-00 00:00:00',1),(40,8,' ','What did the Barbie Doll get in 2000, which it hadn\'t had before? ',5,0,'0000-00-00 00:00:00',1),(41,9,' ','How many suspects are there in the game of clue? ',5,0,'0000-00-00 00:00:00',1),(42,9,' ','Monopoly is sold in 103 countries and produced in 37 different languages, but which city was the original version of the game based on? ',5,0,'0000-00-00 00:00:00',1),(43,9,' ','Who composed the ballet Swan Lake? ',5,0,'0000-00-00 00:00:00',1),(44,9,' ','Who wrote Pride and Prejudice? ',5,0,'0000-00-00 00:00:00',1),(45,9,' ','Which Bond novel centres on a plot to rob Fort Knox? ',5,0,'0000-00-00 00:00:00',1),(46,10,' ','What is the symbol for the precious metal Platnium? ',5,0,'0000-00-00 00:00:00',1),(47,10,' ','Guglielmo Marconi pioneered the development of what? ',5,0,'0000-00-00 00:00:00',1),(48,10,' ','What do Harry Potter and his friends call normal people? ',5,0,'0000-00-00 00:00:00',1),(49,10,' ','Which artist painted The Potato Eaters? ',5,0,'0000-00-00 00:00:00',1),(50,10,' ','Where in the body is the Scapula? ',5,0,'0000-00-00 00:00:00',1),(51,11,' ','What organs does Silicosis affect? ',5,0,'0000-00-00 00:00:00',1),(52,11,' ','What is the name of Bill Clinton\'s daughter? ',5,0,'0000-00-00 00:00:00',1),(53,11,' ','Which French town has a reputation for miracle cures? ',5,0,'0000-00-00 00:00:00',1),(54,11,' ','Who is the Prime Minister of Canada ',5,0,'0000-00-00 00:00:00',1),(55,11,' Who won the 2002 World Cup?  ','Who won the 2002 World Cup?  ',5,0,'0000-00-00 00:00:00',1),(56,12,' ','How is the Gamification concept also called? ',5,0,'0000-00-00 00:00:00',1),(57,12,' ','What are the three most popular social networking sites? ',5,0,'0000-00-00 00:00:00',1),(58,12,' ','what is another word used to describe eDetailing? ',5,0,'0000-00-00 00:00:00',1),(59,12,' ','What company collects the most personal information from our usage of the web daily? ',5,0,'0000-00-00 00:00:00',1),(60,12,' ','How is called the most popular health related Serious game? ',5,0,'0000-00-00 00:00:00',1),(61,13,' ','What is the most popular search engine in the world after Google? ',5,0,'0000-00-00 00:00:00',1),(62,13,' ','What makes edetailing unique compared to usual face to face sales calls? ',5,0,'0000-00-00 00:00:00',1),(63,13,' ','Which country has the highest social networking sites usage versus total Internet usage? ',5,0,'0000-00-00 00:00:00',1),(64,13,' ','What are hashtags  for in social media? ',5,0,'0000-00-00 00:00:00',1),(65,13,' ','What game console has the highest market share in 2013? ',5,0,'0000-00-00 00:00:00',1),(66,14,' ','Which mobile Operating System has the highest market share worldwide? ',5,0,'0000-00-00 00:00:00',1),(67,14,' ','According to Juniper research, how many game apps downloads will be done in 2017 compared to the 2012 21 billions? ',5,0,'0000-00-00 00:00:00',1),(68,14,' ','When did Roche started to develop eDetailing programs? ',5,0,'0000-00-00 00:00:00',1),(69,14,' ','You know megabits, gigabits and even terabits. What comes next? ',5,0,'0000-00-00 00:00:00',1),(70,14,'How many active users did Facebook claimed to have in January 2013?  ','How many active users did Facebook claimed to have in January 2013?  ',5,0,'0000-00-00 00:00:00',1);
/*!40000 ALTER TABLE `triv_games_questions` ENABLE KEYS */;
UNLOCK TABLES;

--
-- Table structure for table `triv_games_types`
--

DROP TABLE IF EXISTS `triv_games_types`;
/*!40101 SET @saved_cs_client     = @@character_set_client */;
/*!40101 SET character_set_client = utf8 */;
CREATE TABLE `triv_games_types` (
  `type_id` int(11) NOT NULL AUTO_INCREMENT,
  `type_name` varchar(255) NOT NULL,
  `enabled` int(11) NOT NULL,
  PRIMARY KEY (`type_id`)
) ENGINE=InnoDB DEFAULT CHARSET=utf8;
/*!40101 SET character_set_client = @saved_cs_client */;

--
-- Dumping data for table `triv_games_types`
--

LOCK TABLES `triv_games_types` WRITE;
/*!40000 ALTER TABLE `triv_games_types` DISABLE KEYS */;
/*!40000 ALTER TABLE `triv_games_types` ENABLE KEYS */;
UNLOCK TABLES;

--
-- Table structure for table `triv_games_useranswers`
--

DROP TABLE IF EXISTS `triv_games_useranswers`;
/*!40101 SET @saved_cs_client     = @@character_set_client */;
/*!40101 SET character_set_client = utf8 */;
CREATE TABLE `triv_games_useranswers` (
  `useranswer_id` int(11) NOT NULL AUTO_INCREMENT,
  `gamer_id` int(11) NOT NULL,
  `user_id` int(11) NOT NULL,
  `answer_id` int(11) NOT NULL,
  `question_id` int(11) NOT NULL,
  `score` int(11) NOT NULL,
  `created_date` datetime NOT NULL,
  PRIMARY KEY (`useranswer_id`)
) ENGINE=InnoDB AUTO_INCREMENT=253 DEFAULT CHARSET=utf8;
/*!40101 SET character_set_client = @saved_cs_client */;

--
-- Dumping data for table `triv_games_useranswers`
--

LOCK TABLES `triv_games_useranswers` WRITE;
/*!40000 ALTER TABLE `triv_games_useranswers` DISABLE KEYS */;
INSERT INTO `triv_games_useranswers` VALUES (1,0,622,6,6,5,'0000-00-00 00:00:00'),(2,0,622,119,7,5,'0000-00-00 00:00:00'),(3,0,622,64,8,5,'0000-00-00 00:00:00'),(4,0,622,9,9,0,'0000-00-00 00:00:00'),(5,0,622,10,10,5,'0000-00-00 00:00:00'),(6,0,619,62,6,0,'0000-00-00 00:00:00'),(7,0,619,63,7,0,'0000-00-00 00:00:00'),(8,0,619,8,8,0,'0000-00-00 00:00:00'),(9,0,619,65,9,5,'0000-00-00 00:00:00'),(10,0,619,66,10,0,'0000-00-00 00:00:00'),(11,0,623,1,1,0,'0000-00-00 00:00:00'),(12,0,623,58,2,0,'0000-00-00 00:00:00'),(13,0,623,3,3,0,'0000-00-00 00:00:00'),(14,0,623,4,4,5,'0000-00-00 00:00:00'),(15,0,623,5,5,5,'0000-00-00 00:00:00'),(16,0,624,118,6,0,'0000-00-00 00:00:00'),(17,0,624,63,7,0,'0000-00-00 00:00:00'),(18,0,624,64,8,5,'0000-00-00 00:00:00'),(19,0,624,121,9,0,'0000-00-00 00:00:00'),(20,0,624,66,10,0,'0000-00-00 00:00:00'),(21,0,619,67,11,5,'0000-00-00 00:00:00'),(22,0,619,124,12,5,'0000-00-00 00:00:00'),(23,0,619,69,13,5,'0000-00-00 00:00:00'),(24,0,619,126,14,5,'0000-00-00 00:00:00'),(25,0,619,71,15,0,'0000-00-00 00:00:00'),(26,0,622,123,11,0,'0000-00-00 00:00:00'),(27,0,622,124,12,5,'0000-00-00 00:00:00'),(28,0,622,13,13,0,'0000-00-00 00:00:00'),(29,0,622,126,14,5,'0000-00-00 00:00:00'),(30,0,622,71,15,0,'0000-00-00 00:00:00'),(31,0,622,62,6,0,'0000-00-00 00:00:00'),(32,0,622,7,7,0,'0000-00-00 00:00:00'),(33,0,622,8,8,0,'0000-00-00 00:00:00'),(34,0,622,65,9,5,'0000-00-00 00:00:00'),(35,0,622,128,16,0,'0000-00-00 00:00:00'),(36,0,622,17,17,0,'0000-00-00 00:00:00'),(37,0,622,74,18,0,'0000-00-00 00:00:00'),(38,0,622,19,19,0,'0000-00-00 00:00:00'),(39,0,622,133,21,0,'0000-00-00 00:00:00'),(40,0,622,138,26,0,'0000-00-00 00:00:00'),(41,0,622,27,27,5,'0000-00-00 00:00:00'),(42,0,622,28,28,5,'0000-00-00 00:00:00'),(43,0,622,29,29,5,'0000-00-00 00:00:00'),(44,0,622,30,30,5,'0000-00-00 00:00:00'),(45,0,622,31,31,5,'0000-00-00 00:00:00'),(46,0,622,32,32,5,'0000-00-00 00:00:00'),(47,0,622,33,33,5,'0000-00-00 00:00:00'),(48,0,622,34,34,5,'0000-00-00 00:00:00'),(49,0,622,91,35,0,'0000-00-00 00:00:00'),(50,0,622,36,36,5,'0000-00-00 00:00:00'),(51,0,622,37,37,5,'0000-00-00 00:00:00'),(52,0,622,38,38,5,'0000-00-00 00:00:00'),(53,0,622,39,39,5,'0000-00-00 00:00:00'),(54,0,622,40,40,5,'0000-00-00 00:00:00'),(55,0,625,36,36,5,'0000-00-00 00:00:00'),(56,0,625,37,37,5,'0000-00-00 00:00:00'),(57,0,625,38,38,5,'0000-00-00 00:00:00'),(58,0,625,39,39,5,'0000-00-00 00:00:00'),(59,0,625,40,40,5,'0000-00-00 00:00:00'),(60,0,619,7,7,0,'0000-00-00 00:00:00'),(61,0,619,120,8,0,'0000-00-00 00:00:00'),(62,0,627,6,6,5,'0000-00-00 00:00:00'),(63,0,627,7,7,0,'0000-00-00 00:00:00'),(64,0,627,8,8,0,'0000-00-00 00:00:00'),(65,0,627,65,9,5,'0000-00-00 00:00:00'),(66,0,627,10,10,5,'0000-00-00 00:00:00'),(67,0,627,119,7,5,'0000-00-00 00:00:00'),(68,0,627,64,8,5,'0000-00-00 00:00:00'),(69,0,628,31,31,5,'0000-00-00 00:00:00'),(70,0,628,32,32,5,'0000-00-00 00:00:00'),(71,0,628,33,33,5,'0000-00-00 00:00:00'),(72,0,628,34,34,5,'0000-00-00 00:00:00'),(73,0,628,35,35,5,'0000-00-00 00:00:00'),(74,0,628,102,46,0,'0000-00-00 00:00:00'),(75,0,628,47,47,5,'0000-00-00 00:00:00'),(76,0,628,48,48,5,'0000-00-00 00:00:00'),(77,0,628,49,49,5,'0000-00-00 00:00:00'),(78,0,628,50,50,5,'0000-00-00 00:00:00'),(79,0,628,16,16,5,'0000-00-00 00:00:00'),(80,0,628,73,17,5,'0000-00-00 00:00:00'),(81,0,628,74,18,0,'0000-00-00 00:00:00'),(82,0,628,19,19,0,'0000-00-00 00:00:00'),(83,0,628,21,21,5,'0000-00-00 00:00:00'),(84,0,629,67,11,5,'0000-00-00 00:00:00'),(85,0,629,124,12,5,'0000-00-00 00:00:00'),(86,0,629,69,13,5,'0000-00-00 00:00:00'),(87,0,629,70,14,0,'0000-00-00 00:00:00'),(88,0,629,15,15,5,'0000-00-00 00:00:00'),(89,0,628,63,7,0,'0000-00-00 00:00:00'),(90,0,628,62,6,0,'0000-00-00 00:00:00'),(91,0,628,64,8,5,'0000-00-00 00:00:00'),(92,0,628,65,9,5,'0000-00-00 00:00:00'),(93,0,628,66,10,0,'0000-00-00 00:00:00'),(94,0,629,51,51,5,'0000-00-00 00:00:00'),(95,0,629,52,52,5,'0000-00-00 00:00:00'),(96,0,629,53,53,5,'0000-00-00 00:00:00'),(97,0,629,110,54,0,'0000-00-00 00:00:00'),(98,0,629,167,55,5,'0000-00-00 00:00:00'),(99,0,628,6,6,5,'0000-00-00 00:00:00'),(100,0,628,7,7,0,'0000-00-00 00:00:00'),(101,0,628,10,10,5,'0000-00-00 00:00:00'),(102,0,628,76,20,0,'0000-00-00 00:00:00'),(103,0,628,78,22,5,'0000-00-00 00:00:00'),(104,0,628,135,23,5,'0000-00-00 00:00:00'),(105,0,628,136,24,0,'0000-00-00 00:00:00'),(106,0,628,81,25,0,'0000-00-00 00:00:00'),(107,0,628,51,51,5,'0000-00-00 00:00:00'),(108,0,628,52,52,5,'0000-00-00 00:00:00'),(109,0,628,53,53,5,'0000-00-00 00:00:00'),(110,0,628,54,54,5,'0000-00-00 00:00:00'),(111,0,628,111,55,0,'0000-00-00 00:00:00'),(112,0,628,55,55,0,'0000-00-00 00:00:00'),(113,0,628,46,46,5,'0000-00-00 00:00:00'),(114,0,628,41,41,5,'0000-00-00 00:00:00'),(115,0,628,154,42,0,'0000-00-00 00:00:00'),(116,0,628,43,43,5,'0000-00-00 00:00:00'),(117,0,628,44,44,5,'0000-00-00 00:00:00'),(118,0,628,45,45,5,'0000-00-00 00:00:00'),(119,0,628,36,36,5,'0000-00-00 00:00:00'),(120,0,628,37,37,5,'0000-00-00 00:00:00'),(121,0,628,38,38,5,'0000-00-00 00:00:00'),(122,0,628,39,39,5,'0000-00-00 00:00:00'),(123,0,628,40,40,5,'0000-00-00 00:00:00'),(124,0,628,138,26,0,'0000-00-00 00:00:00'),(125,0,628,27,27,5,'0000-00-00 00:00:00'),(126,0,628,28,28,5,'0000-00-00 00:00:00'),(127,0,628,29,29,5,'0000-00-00 00:00:00'),(128,0,628,30,30,5,'0000-00-00 00:00:00'),(129,0,628,24,24,5,'0000-00-00 00:00:00'),(130,0,628,25,25,0,'0000-00-00 00:00:00'),(131,0,628,75,19,0,'0000-00-00 00:00:00'),(132,0,628,11,11,0,'0000-00-00 00:00:00'),(133,0,628,12,12,0,'0000-00-00 00:00:00'),(134,0,628,125,13,0,'0000-00-00 00:00:00'),(135,0,628,70,14,0,'0000-00-00 00:00:00'),(136,0,628,15,15,5,'0000-00-00 00:00:00'),(137,0,628,57,1,5,'0000-00-00 00:00:00'),(138,0,628,114,2,5,'0000-00-00 00:00:00'),(139,0,628,59,3,0,'0000-00-00 00:00:00'),(140,0,628,60,4,0,'0000-00-00 00:00:00'),(141,0,628,5,5,5,'0000-00-00 00:00:00'),(142,0,628,123,11,0,'0000-00-00 00:00:00'),(143,0,628,124,12,5,'0000-00-00 00:00:00'),(144,0,628,69,13,5,'0000-00-00 00:00:00'),(145,0,628,126,14,5,'0000-00-00 00:00:00'),(146,0,628,67,11,5,'0000-00-00 00:00:00'),(147,0,628,17,17,0,'0000-00-00 00:00:00'),(148,0,628,119,7,5,'0000-00-00 00:00:00'),(149,0,628,9,9,0,'0000-00-00 00:00:00'),(150,0,628,122,10,0,'0000-00-00 00:00:00'),(151,0,628,121,9,0,'0000-00-00 00:00:00'),(152,0,630,46,46,5,'0000-00-00 00:00:00'),(153,0,630,49,49,5,'0000-00-00 00:00:00'),(154,0,630,104,48,0,'0000-00-00 00:00:00'),(155,0,630,162,50,0,'0000-00-00 00:00:00'),(156,0,631,52,52,5,'0000-00-00 00:00:00'),(157,0,631,54,54,5,'0000-00-00 00:00:00'),(158,0,631,55,55,0,'0000-00-00 00:00:00'),(159,0,631,158,46,0,'0000-00-00 00:00:00'),(160,0,631,47,47,5,'0000-00-00 00:00:00'),(161,0,631,48,48,5,'0000-00-00 00:00:00'),(162,0,631,105,49,0,'0000-00-00 00:00:00'),(163,0,631,106,50,0,'0000-00-00 00:00:00'),(164,0,631,41,41,5,'0000-00-00 00:00:00'),(165,0,631,154,42,0,'0000-00-00 00:00:00'),(166,0,631,45,45,5,'0000-00-00 00:00:00'),(167,0,632,107,51,0,'0000-00-00 00:00:00'),(168,0,632,108,52,0,'0000-00-00 00:00:00'),(169,0,632,109,53,0,'0000-00-00 00:00:00'),(170,0,632,166,54,0,'0000-00-00 00:00:00'),(171,0,632,55,55,0,'0000-00-00 00:00:00'),(172,0,632,113,1,0,'0000-00-00 00:00:00'),(173,0,632,2,2,0,'0000-00-00 00:00:00'),(174,0,632,115,3,0,'0000-00-00 00:00:00'),(175,0,632,60,4,0,'0000-00-00 00:00:00'),(176,0,632,5,5,5,'0000-00-00 00:00:00'),(177,0,633,138,26,0,'0000-00-00 00:00:00'),(178,0,633,27,27,5,'0000-00-00 00:00:00'),(179,0,633,28,28,5,'0000-00-00 00:00:00'),(180,0,633,85,29,0,'0000-00-00 00:00:00'),(181,0,633,30,30,5,'0000-00-00 00:00:00'),(182,0,633,153,41,0,'0000-00-00 00:00:00'),(183,0,633,42,42,0,'0000-00-00 00:00:00'),(184,0,633,43,43,5,'0000-00-00 00:00:00'),(185,0,633,100,44,0,'0000-00-00 00:00:00'),(186,0,633,45,45,5,'0000-00-00 00:00:00'),(187,0,630,97,41,0,'0000-00-00 00:00:00'),(188,0,630,154,42,0,'0000-00-00 00:00:00'),(189,0,630,44,44,5,'0000-00-00 00:00:00'),(190,0,630,45,45,5,'0000-00-00 00:00:00'),(191,0,634,132,20,5,'0000-00-00 00:00:00'),(192,0,634,78,22,5,'0000-00-00 00:00:00'),(193,0,634,135,23,5,'0000-00-00 00:00:00'),(194,0,634,136,24,0,'0000-00-00 00:00:00'),(195,0,634,137,25,5,'0000-00-00 00:00:00'),(196,0,619,1,1,0,'0000-00-00 00:00:00'),(197,0,619,58,2,0,'0000-00-00 00:00:00'),(198,0,619,115,3,0,'0000-00-00 00:00:00'),(199,0,619,4,4,5,'0000-00-00 00:00:00'),(200,0,619,5,5,5,'0000-00-00 00:00:00'),(201,0,635,66,6,0,'0000-00-00 00:00:00'),(202,0,635,63,7,0,'0000-00-00 00:00:00'),(203,0,635,64,8,0,'0000-00-00 00:00:00'),(204,0,635,65,9,0,'0000-00-00 00:00:00'),(205,0,635,6,6,0,'0000-00-00 00:00:00'),(206,0,635,119,7,0,'0000-00-00 00:00:00'),(207,0,635,10,10,0,'0000-00-00 00:00:00'),(208,0,619,3,3,0,'0000-00-00 00:00:00'),(209,0,619,60,4,0,'0000-00-00 00:00:00'),(210,0,619,117,5,0,'0000-00-00 00:00:00'),(211,0,628,91,35,0,'0000-00-00 00:00:00'),(212,0,619,57,1,0,'0000-00-00 00:00:00'),(213,0,619,59,3,0,'0000-00-00 00:00:00'),(214,0,619,61,5,0,'0000-00-00 00:00:00'),(215,0,625,1,1,0,'0000-00-00 00:00:00'),(216,0,625,2,2,0,'0000-00-00 00:00:00'),(217,0,625,3,3,0,'0000-00-00 00:00:00'),(218,0,625,4,4,0,'0000-00-00 00:00:00'),(219,0,625,5,5,0,'0000-00-00 00:00:00'),(220,0,625,72,16,0,'0000-00-00 00:00:00'),(221,0,625,17,17,0,'0000-00-00 00:00:00'),(222,0,625,74,18,0,'0000-00-00 00:00:00'),(223,0,625,131,19,0,'0000-00-00 00:00:00'),(224,0,625,21,21,0,'0000-00-00 00:00:00'),(225,0,625,16,16,0,'0000-00-00 00:00:00'),(226,0,625,129,17,0,'0000-00-00 00:00:00'),(227,0,625,18,18,0,'0000-00-00 00:00:00'),(228,0,625,75,19,0,'0000-00-00 00:00:00'),(229,0,621,6,6,0,'0000-00-00 00:00:00'),(230,0,621,63,7,0,'0000-00-00 00:00:00'),(231,0,621,120,8,0,'0000-00-00 00:00:00'),(232,0,621,9,9,0,'0000-00-00 00:00:00'),(233,0,621,66,10,0,'0000-00-00 00:00:00'),(234,0,619,114,2,0,'0000-00-00 00:00:00'),(235,0,625,19,19,0,'0000-00-00 00:00:00'),(236,0,619,119,7,0,'0000-00-00 00:00:00'),(237,0,619,122,10,0,'0000-00-00 00:00:00'),(238,0,619,6,6,0,'0000-00-00 00:00:00'),(239,0,619,10,10,0,'0000-00-00 00:00:00'),(240,0,625,73,17,0,'0000-00-00 00:00:00'),(241,0,621,7,7,0,'0000-00-00 00:00:00'),(242,0,621,8,8,0,'0000-00-00 00:00:00'),(243,0,621,10,10,0,'0000-00-00 00:00:00'),(244,0,621,64,8,0,'0000-00-00 00:00:00'),(245,0,621,121,9,0,'0000-00-00 00:00:00'),(246,0,621,65,9,0,'0000-00-00 00:00:00'),(247,0,625,179,66,0,'0000-00-00 00:00:00'),(248,0,625,180,67,0,'0000-00-00 00:00:00'),(249,0,625,196,68,0,'0000-00-00 00:00:00'),(250,0,625,212,69,0,'0000-00-00 00:00:00'),(251,0,625,183,70,0,'0000-00-00 00:00:00'),(252,0,628,95,39,0,'0000-00-00 00:00:00');
/*!40000 ALTER TABLE `triv_games_useranswers` ENABLE KEYS */;
UNLOCK TABLES;

--
-- Table structure for table `triv_games_users`
--

DROP TABLE IF EXISTS `triv_games_users`;
/*!40101 SET @saved_cs_client     = @@character_set_client */;
/*!40101 SET character_set_client = utf8 */;
CREATE TABLE `triv_games_users` (
  `gamer_id` int(11) NOT NULL AUTO_INCREMENT,
  `name` varchar(255) NOT NULL,
  `firstname` varchar(255) NOT NULL,
  `lastname` varchar(255) NOT NULL,
  `score` int(11) NOT NULL,
  `datecreated` datetime NOT NULL,
  `user_id` int(11) NOT NULL,
  PRIMARY KEY (`gamer_id`)
) ENGINE=InnoDB DEFAULT CHARSET=utf8;
/*!40101 SET character_set_client = @saved_cs_client */;

--
-- Dumping data for table `triv_games_users`
--

LOCK TABLES `triv_games_users` WRITE;
/*!40000 ALTER TABLE `triv_games_users` DISABLE KEYS */;
/*!40000 ALTER TABLE `triv_games_users` ENABLE KEYS */;
UNLOCK TABLES;

--
-- Table structure for table `triv_games_winners`
--

DROP TABLE IF EXISTS `triv_games_winners`;
/*!40101 SET @saved_cs_client     = @@character_set_client */;
/*!40101 SET character_set_client = utf8 */;
CREATE TABLE `triv_games_winners` (
  `winner_id` int(11) NOT NULL AUTO_INCREMENT,
  `user_id` int(11) NOT NULL,
  `game_id` int(11) NOT NULL,
  `prize_id` int(11) NOT NULL,
  `createdtime` datetime NOT NULL,
  PRIMARY KEY (`winner_id`)
) ENGINE=InnoDB AUTO_INCREMENT=2 DEFAULT CHARSET=utf8;
/*!40101 SET character_set_client = @saved_cs_client */;

--
-- Dumping data for table `triv_games_winners`
--

LOCK TABLES `triv_games_winners` WRITE;
/*!40000 ALTER TABLE `triv_games_winners` DISABLE KEYS */;
INSERT INTO `triv_games_winners` VALUES (1,619,1,1,'0000-00-00 00:00:00');
/*!40000 ALTER TABLE `triv_games_winners` ENABLE KEYS */;
UNLOCK TABLES;

--
-- Table structure for table `triv_languages`
--

DROP TABLE IF EXISTS `triv_languages`;
/*!40101 SET @saved_cs_client     = @@character_set_client */;
/*!40101 SET character_set_client = utf8 */;
CREATE TABLE `triv_languages` (
  `lang_id` int(11) unsigned NOT NULL AUTO_INCREMENT,
  `lang_code` char(7) NOT NULL,
  `title` varchar(50) NOT NULL,
  `title_native` varchar(50) NOT NULL,
  `sef` varchar(50) NOT NULL,
  `image` varchar(50) NOT NULL,
  `description` varchar(512) NOT NULL,
  `metakey` text NOT NULL,
  `metadesc` text NOT NULL,
  `sitename` varchar(1024) NOT NULL DEFAULT '',
  `published` int(11) NOT NULL DEFAULT '0',
  `access` int(10) unsigned NOT NULL DEFAULT '0',
  `ordering` int(11) NOT NULL DEFAULT '0',
  PRIMARY KEY (`lang_id`),
  UNIQUE KEY `idx_sef` (`sef`),
  UNIQUE KEY `idx_image` (`image`),
  UNIQUE KEY `idx_langcode` (`lang_code`),
  KEY `idx_access` (`access`),
  KEY `idx_ordering` (`ordering`)
) ENGINE=InnoDB AUTO_INCREMENT=2 DEFAULT CHARSET=utf8;
/*!40101 SET character_set_client = @saved_cs_client */;

--
-- Dumping data for table `triv_languages`
--

LOCK TABLES `triv_languages` WRITE;
/*!40000 ALTER TABLE `triv_languages` DISABLE KEYS */;
INSERT INTO `triv_languages` VALUES (1,'en-GB','English (UK)','English (UK)','en','en','','','','',1,0,1);
/*!40000 ALTER TABLE `triv_languages` ENABLE KEYS */;
UNLOCK TABLES;

--
-- Table structure for table `triv_menu`
--

DROP TABLE IF EXISTS `triv_menu`;
/*!40101 SET @saved_cs_client     = @@character_set_client */;
/*!40101 SET character_set_client = utf8 */;
CREATE TABLE `triv_menu` (
  `id` int(11) NOT NULL AUTO_INCREMENT,
  `menutype` varchar(24) NOT NULL COMMENT 'The type of menu this item belongs to. FK to #__menu_types.menutype',
  `title` varchar(255) NOT NULL COMMENT 'The display title of the menu item.',
  `alias` varchar(255) CHARACTER SET utf8 COLLATE utf8_bin NOT NULL COMMENT 'The SEF alias of the menu item.',
  `note` varchar(255) NOT NULL DEFAULT '',
  `path` varchar(1024) NOT NULL COMMENT 'The computed path of the menu item based on the alias field.',
  `link` varchar(1024) NOT NULL COMMENT 'The actually link the menu item refers to.',
  `type` varchar(16) NOT NULL COMMENT 'The type of link: Component, URL, Alias, Separator',
  `published` tinyint(4) NOT NULL DEFAULT '0' COMMENT 'The published state of the menu link.',
  `parent_id` int(10) unsigned NOT NULL DEFAULT '1' COMMENT 'The parent menu item in the menu tree.',
  `level` int(10) unsigned NOT NULL DEFAULT '0' COMMENT 'The relative level in the tree.',
  `component_id` int(10) unsigned NOT NULL DEFAULT '0' COMMENT 'FK to #__extensions.id',
  `checked_out` int(10) unsigned NOT NULL DEFAULT '0' COMMENT 'FK to #__users.id',
  `checked_out_time` timestamp NOT NULL DEFAULT '0000-00-00 00:00:00' COMMENT 'The time the menu item was checked out.',
  `browserNav` tinyint(4) NOT NULL DEFAULT '0' COMMENT 'The click behaviour of the link.',
  `access` int(10) unsigned NOT NULL DEFAULT '0' COMMENT 'The access level required to view the menu item.',
  `img` varchar(255) NOT NULL COMMENT 'The image of the menu item.',
  `template_style_id` int(10) unsigned NOT NULL DEFAULT '0',
  `params` text NOT NULL COMMENT 'JSON encoded data for the menu item.',
  `lft` int(11) NOT NULL DEFAULT '0' COMMENT 'Nested set lft.',
  `rgt` int(11) NOT NULL DEFAULT '0' COMMENT 'Nested set rgt.',
  `home` tinyint(3) unsigned NOT NULL DEFAULT '0' COMMENT 'Indicates if this menu item is the home or default page.',
  `language` char(7) NOT NULL DEFAULT '',
  `client_id` tinyint(4) NOT NULL DEFAULT '0',
  PRIMARY KEY (`id`),
  UNIQUE KEY `idx_client_id_parent_id_alias_language` (`client_id`,`parent_id`,`alias`,`language`),
  KEY `idx_componentid` (`component_id`,`menutype`,`published`,`access`),
  KEY `idx_menutype` (`menutype`),
  KEY `idx_left_right` (`lft`,`rgt`),
  KEY `idx_alias` (`alias`),
  KEY `idx_path` (`path`(255)),
  KEY `idx_language` (`language`)
) ENGINE=InnoDB AUTO_INCREMENT=119 DEFAULT CHARSET=utf8;
/*!40101 SET character_set_client = @saved_cs_client */;

--
-- Dumping data for table `triv_menu`
--

LOCK TABLES `triv_menu` WRITE;
/*!40000 ALTER TABLE `triv_menu` DISABLE KEYS */;
INSERT INTO `triv_menu` VALUES (1,'','Menu_Item_Root','root','','','','',1,0,0,0,0,'0000-00-00 00:00:00',0,0,'',0,'',0,81,0,'*',0),(2,'menu','com_banners','Banners','','Banners','index.php?option=com_banners','component',0,1,1,4,0,'0000-00-00 00:00:00',0,0,'class:banners',0,'',1,10,0,'*',1),(3,'menu','com_banners','Banners','','Banners/Banners','index.php?option=com_banners','component',0,2,2,4,0,'0000-00-00 00:00:00',0,0,'class:banners',0,'',2,3,0,'*',1),(4,'menu','com_banners_categories','Categories','','Banners/Categories','index.php?option=com_categories&extension=com_banners','component',0,2,2,6,0,'0000-00-00 00:00:00',0,0,'class:banners-cat',0,'',4,5,0,'*',1),(5,'menu','com_banners_clients','Clients','','Banners/Clients','index.php?option=com_banners&view=clients','component',0,2,2,4,0,'0000-00-00 00:00:00',0,0,'class:banners-clients',0,'',6,7,0,'*',1),(6,'menu','com_banners_tracks','Tracks','','Banners/Tracks','index.php?option=com_banners&view=tracks','component',0,2,2,4,0,'0000-00-00 00:00:00',0,0,'class:banners-tracks',0,'',8,9,0,'*',1),(7,'menu','com_contact','Contacts','','Contacts','index.php?option=com_contact','component',0,1,1,8,0,'0000-00-00 00:00:00',0,0,'class:contact',0,'',11,16,0,'*',1),(8,'menu','com_contact','Contacts','','Contacts/Contacts','index.php?option=com_contact','component',0,7,2,8,0,'0000-00-00 00:00:00',0,0,'class:contact',0,'',12,13,0,'*',1),(9,'menu','com_contact_categories','Categories','','Contacts/Categories','index.php?option=com_categories&extension=com_contact','component',0,7,2,6,0,'0000-00-00 00:00:00',0,0,'class:contact-cat',0,'',14,15,0,'*',1),(10,'menu','com_messages','Messaging','','Messaging','index.php?option=com_messages','component',0,1,1,15,0,'0000-00-00 00:00:00',0,0,'class:messages',0,'',17,22,0,'*',1),(11,'menu','com_messages_add','New Private Message','','Messaging/New Private Message','index.php?option=com_messages&task=message.add','component',0,10,2,15,0,'0000-00-00 00:00:00',0,0,'class:messages-add',0,'',18,19,0,'*',1),(12,'menu','com_messages_read','Read Private Message','','Messaging/Read Private Message','index.php?option=com_messages','component',0,10,2,15,0,'0000-00-00 00:00:00',0,0,'class:messages-read',0,'',20,21,0,'*',1),(13,'menu','com_newsfeeds','News Feeds','','News Feeds','index.php?option=com_newsfeeds','component',0,1,1,17,0,'0000-00-00 00:00:00',0,0,'class:newsfeeds',0,'',23,28,0,'*',1),(14,'menu','com_newsfeeds_feeds','Feeds','','News Feeds/Feeds','index.php?option=com_newsfeeds','component',0,13,2,17,0,'0000-00-00 00:00:00',0,0,'class:newsfeeds',0,'',24,25,0,'*',1),(15,'menu','com_newsfeeds_categories','Categories','','News Feeds/Categories','index.php?option=com_categories&extension=com_newsfeeds','component',0,13,2,6,0,'0000-00-00 00:00:00',0,0,'class:newsfeeds-cat',0,'',26,27,0,'*',1),(16,'menu','com_redirect','Redirect','','Redirect','index.php?option=com_redirect','component',0,1,1,24,0,'0000-00-00 00:00:00',0,0,'class:redirect',0,'',29,30,0,'*',1),(17,'menu','com_search','Basic Search','','Basic Search','index.php?option=com_search','component',0,1,1,19,0,'0000-00-00 00:00:00',0,0,'class:search',0,'',31,32,0,'*',1),(18,'menu','com_weblinks','Weblinks','','Weblinks','index.php?option=com_weblinks','component',0,1,1,21,0,'0000-00-00 00:00:00',0,0,'class:weblinks',0,'',33,38,0,'*',1),(19,'menu','com_weblinks_links','Links','','Weblinks/Links','index.php?option=com_weblinks','component',0,18,2,21,0,'0000-00-00 00:00:00',0,0,'class:weblinks',0,'',34,35,0,'*',1),(20,'menu','com_weblinks_categories','Categories','','Weblinks/Categories','index.php?option=com_categories&extension=com_weblinks','component',0,18,2,6,0,'0000-00-00 00:00:00',0,0,'class:weblinks-cat',0,'',36,37,0,'*',1),(21,'menu','com_finder','Smart Search','','Smart Search','index.php?option=com_finder','component',0,1,1,27,0,'0000-00-00 00:00:00',0,0,'class:finder',0,'',39,40,0,'*',1),(22,'menu','com_joomlaupdate','Joomla! Update','','Joomla! Update','index.php?option=com_joomlaupdate','component',0,1,1,28,0,'0000-00-00 00:00:00',0,0,'class:joomlaupdate',0,'',41,42,0,'*',1),(23,'main','com_tags','Tags','','Tags','index.php?option=com_tags','component',0,1,1,29,0,'0000-00-00 00:00:00',0,1,'class:tags',0,'',43,44,0,'',1),(101,'mainmenu','Home','home','','home','index.php?option=com_games&view=games&layout=view&task=view&id=1','component',1,1,1,10002,0,'0000-00-00 00:00:00',0,1,'',0,'{\"menu-anchor_title\":\"\",\"menu-anchor_css\":\"\",\"menu_image\":\"\",\"menu_text\":1,\"page_title\":\"\",\"show_page_heading\":1,\"page_heading\":\"\",\"pageclass_sfx\":\"\",\"menu-meta_description\":\"\",\"menu-meta_keywords\":\"\",\"robots\":\"\",\"secure\":0}',45,46,1,'*',0),(102,'main','COM_GAMES','com-games','','com-games','index.php?option=com_games','component',0,1,1,10002,0,'0000-00-00 00:00:00',0,1,'../media/com_games/images/games_16.png',0,'',47,48,0,'',1),(103,'mainmenu','Station 2','station-2','','station-2','index.php?option=com_games&view=games&layout=view&task=view&id=2','component',1,1,1,10002,0,'0000-00-00 00:00:00',0,1,'',0,'{\"menu-anchor_title\":\"\",\"menu-anchor_css\":\"\",\"menu_image\":\"\",\"menu_text\":1,\"page_title\":\"\",\"show_page_heading\":0,\"page_heading\":\"\",\"pageclass_sfx\":\"\",\"menu-meta_description\":\"\",\"menu-meta_keywords\":\"\",\"robots\":\"\",\"secure\":0}',49,50,0,'*',0),(104,'mainmenu','Station 3','station-3','','station-3','index.php?option=com_games&view=games&layout=view&task=view&id=3','component',1,1,1,10002,0,'0000-00-00 00:00:00',0,1,'',0,'{\"menu-anchor_title\":\"\",\"menu-anchor_css\":\"\",\"menu_image\":\"\",\"menu_text\":1,\"page_title\":\"\",\"show_page_heading\":0,\"page_heading\":\"\",\"pageclass_sfx\":\"\",\"menu-meta_description\":\"\",\"menu-meta_keywords\":\"\",\"robots\":\"\",\"secure\":0}',51,52,0,'*',0),(105,'mainmenu','Login','login','','login','index.php?option=com_games&view=games&layout=login&task=login','component',1,1,1,10002,0,'0000-00-00 00:00:00',0,1,'',0,'{\"menu-anchor_title\":\"\",\"menu-anchor_css\":\"\",\"menu_image\":\"\",\"menu_text\":1,\"page_title\":\"\",\"show_page_heading\":0,\"page_heading\":\"\",\"pageclass_sfx\":\"\",\"menu-meta_description\":\"\",\"menu-meta_keywords\":\"\",\"robots\":\"\",\"secure\":0}',53,54,0,'*',0),(106,'mainmenu','leaderboard','leaderboard','','leaderboard','index.php?option=com_games&view=games&layout=leaderboard&task=leaderboard&id=','component',1,1,1,10002,0,'0000-00-00 00:00:00',0,1,'',0,'{\"menu-anchor_title\":\"\",\"menu-anchor_css\":\"\",\"menu_image\":\"\",\"menu_text\":1,\"page_title\":\"\",\"show_page_heading\":0,\"page_heading\":\"\",\"pageclass_sfx\":\"\",\"menu-meta_description\":\"\",\"menu-meta_keywords\":\"\",\"robots\":\"\",\"secure\":0}',55,56,0,'*',0),(107,'mainmenu','Station 4','station-4','','station-4','index.php?option=com_games&view=games&layout=view&task=view&id=4','component',1,1,1,10002,0,'0000-00-00 00:00:00',0,1,'',0,'{\"menu-anchor_title\":\"\",\"menu-anchor_css\":\"\",\"menu_image\":\"\",\"menu_text\":1,\"page_title\":\"\",\"show_page_heading\":0,\"page_heading\":\"\",\"pageclass_sfx\":\"\",\"menu-meta_description\":\"\",\"menu-meta_keywords\":\"\",\"robots\":\"\",\"secure\":0}',57,58,0,'*',0),(108,'mainmenu','Station 5','station-5','','station-5','index.php?option=com_games&view=games&layout=view&task=view&id=5','component',1,1,1,10002,0,'0000-00-00 00:00:00',0,1,'',0,'{\"menu-anchor_title\":\"\",\"menu-anchor_css\":\"\",\"menu_image\":\"\",\"menu_text\":1,\"page_title\":\"\",\"show_page_heading\":0,\"page_heading\":\"\",\"pageclass_sfx\":\"\",\"menu-meta_description\":\"\",\"menu-meta_keywords\":\"\",\"robots\":\"\",\"secure\":0}',59,60,0,'*',0),(109,'mainmenu','Station 6','station-6','','station-6','index.php?option=com_games&view=games&layout=view&task=view&id=6','component',1,1,1,10002,0,'0000-00-00 00:00:00',0,1,'',0,'{\"menu-anchor_title\":\"\",\"menu-anchor_css\":\"\",\"menu_image\":\"\",\"menu_text\":1,\"page_title\":\"\",\"show_page_heading\":0,\"page_heading\":\"\",\"pageclass_sfx\":\"\",\"menu-meta_description\":\"\",\"menu-meta_keywords\":\"\",\"robots\":\"\",\"secure\":0}',61,62,0,'*',0),(110,'mainmenu','Station 7','station-7','','station-7','index.php?option=com_games&view=games&layout=view&task=view&id=7','component',1,1,1,10002,0,'0000-00-00 00:00:00',0,1,'',0,'{\"menu-anchor_title\":\"\",\"menu-anchor_css\":\"\",\"menu_image\":\"\",\"menu_text\":1,\"page_title\":\"\",\"show_page_heading\":0,\"page_heading\":\"\",\"pageclass_sfx\":\"\",\"menu-meta_description\":\"\",\"menu-meta_keywords\":\"\",\"robots\":\"\",\"secure\":0}',63,64,0,'*',0),(111,'mainmenu','Station 8','station-8','','station-8','index.php?option=com_games&view=games&layout=view&task=view&id=8','component',1,1,1,10002,0,'0000-00-00 00:00:00',0,1,'',0,'{\"menu-anchor_title\":\"\",\"menu-anchor_css\":\"\",\"menu_image\":\"\",\"menu_text\":1,\"page_title\":\"\",\"show_page_heading\":0,\"page_heading\":\"\",\"pageclass_sfx\":\"\",\"menu-meta_description\":\"\",\"menu-meta_keywords\":\"\",\"robots\":\"\",\"secure\":0}',65,66,0,'*',0),(112,'mainmenu','station 9','station-9','','station-9','index.php?option=com_games&view=games&layout=view&task=view&id=9','component',1,1,1,10002,0,'0000-00-00 00:00:00',0,1,'',0,'{\"menu-anchor_title\":\"\",\"menu-anchor_css\":\"\",\"menu_image\":\"\",\"menu_text\":1,\"page_title\":\"\",\"show_page_heading\":0,\"page_heading\":\"\",\"pageclass_sfx\":\"\",\"menu-meta_description\":\"\",\"menu-meta_keywords\":\"\",\"robots\":\"\",\"secure\":0}',67,68,0,'*',0),(113,'mainmenu','Station 10','station-10','','station-10','index.php?option=com_games&view=games&layout=view&task=view&id=10','component',1,1,1,10002,0,'0000-00-00 00:00:00',0,1,'',0,'{\"menu-anchor_title\":\"\",\"menu-anchor_css\":\"\",\"menu_image\":\"\",\"menu_text\":1,\"page_title\":\"\",\"show_page_heading\":0,\"page_heading\":\"\",\"pageclass_sfx\":\"\",\"menu-meta_description\":\"\",\"menu-meta_keywords\":\"\",\"robots\":\"\",\"secure\":0}',69,70,0,'*',0),(114,'mainmenu','Station 11','station-11','','station-11','index.php?option=com_games&view=games&layout=view&task=view&id=11','component',1,1,1,10002,0,'0000-00-00 00:00:00',0,1,'',0,'{\"menu-anchor_title\":\"\",\"menu-anchor_css\":\"\",\"menu_image\":\"\",\"menu_text\":1,\"page_title\":\"\",\"show_page_heading\":0,\"page_heading\":\"\",\"pageclass_sfx\":\"\",\"menu-meta_description\":\"\",\"menu-meta_keywords\":\"\",\"robots\":\"\",\"secure\":0}',71,72,0,'*',0),(115,'mainmenu','Station 1','station-1','','station-1','index.php?option=com_games&view=games&layout=view&task=view&id=1','component',1,1,1,10002,0,'0000-00-00 00:00:00',0,1,'',0,'{\"menu-anchor_title\":\"\",\"menu-anchor_css\":\"\",\"menu_image\":\"\",\"menu_text\":1,\"page_title\":\"\",\"show_page_heading\":0,\"page_heading\":\"\",\"pageclass_sfx\":\"\",\"menu-meta_description\":\"\",\"menu-meta_keywords\":\"\",\"robots\":\"\",\"secure\":0}',73,74,0,'*',0),(116,'mainmenu','Station 12','station-12','','station-12','index.php?option=com_games&view=games&layout=view&task=view&id=12','component',1,1,1,10002,0,'0000-00-00 00:00:00',0,1,'',0,'{\"menu-anchor_title\":\"\",\"menu-anchor_css\":\"\",\"menu_image\":\"\",\"menu_text\":1,\"page_title\":\"\",\"show_page_heading\":0,\"page_heading\":\"\",\"pageclass_sfx\":\"\",\"menu-meta_description\":\"\",\"menu-meta_keywords\":\"\",\"robots\":\"\",\"secure\":0}',75,76,0,'*',0),(117,'mainmenu','Station 13','station-13','','station-13','index.php?option=com_games&view=games&layout=view&task=view&id=13','component',1,1,1,10002,0,'0000-00-00 00:00:00',0,1,'',0,'{\"menu-anchor_title\":\"\",\"menu-anchor_css\":\"\",\"menu_image\":\"\",\"menu_text\":1,\"page_title\":\"\",\"show_page_heading\":0,\"page_heading\":\"\",\"pageclass_sfx\":\"\",\"menu-meta_description\":\"\",\"menu-meta_keywords\":\"\",\"robots\":\"\",\"secure\":0}',77,78,0,'*',0),(118,'mainmenu','Station 14','station-14','','station-14','index.php?option=com_games&view=games&layout=view&task=view&id=14','component',1,1,1,10002,0,'0000-00-00 00:00:00',0,1,'',0,'{\"menu-anchor_title\":\"\",\"menu-anchor_css\":\"\",\"menu_image\":\"\",\"menu_text\":1,\"page_title\":\"\",\"show_page_heading\":0,\"page_heading\":\"\",\"pageclass_sfx\":\"\",\"menu-meta_description\":\"\",\"menu-meta_keywords\":\"\",\"robots\":\"\",\"secure\":0}',79,80,0,'*',0);
/*!40000 ALTER TABLE `triv_menu` ENABLE KEYS */;
UNLOCK TABLES;

--
-- Table structure for table `triv_menu_types`
--

DROP TABLE IF EXISTS `triv_menu_types`;
/*!40101 SET @saved_cs_client     = @@character_set_client */;
/*!40101 SET character_set_client = utf8 */;
CREATE TABLE `triv_menu_types` (
  `id` int(10) unsigned NOT NULL AUTO_INCREMENT,
  `menutype` varchar(24) NOT NULL,
  `title` varchar(48) NOT NULL,
  `description` varchar(255) NOT NULL DEFAULT '',
  PRIMARY KEY (`id`),
  UNIQUE KEY `idx_menutype` (`menutype`)
) ENGINE=InnoDB AUTO_INCREMENT=2 DEFAULT CHARSET=utf8;
/*!40101 SET character_set_client = @saved_cs_client */;

--
-- Dumping data for table `triv_menu_types`
--

LOCK TABLES `triv_menu_types` WRITE;
/*!40000 ALTER TABLE `triv_menu_types` DISABLE KEYS */;
INSERT INTO `triv_menu_types` VALUES (1,'mainmenu','Main Menu','The main menu for the site');
/*!40000 ALTER TABLE `triv_menu_types` ENABLE KEYS */;
UNLOCK TABLES;

--
-- Table structure for table `triv_messages`
--

DROP TABLE IF EXISTS `triv_messages`;
/*!40101 SET @saved_cs_client     = @@character_set_client */;
/*!40101 SET character_set_client = utf8 */;
CREATE TABLE `triv_messages` (
  `message_id` int(10) unsigned NOT NULL AUTO_INCREMENT,
  `user_id_from` int(10) unsigned NOT NULL DEFAULT '0',
  `user_id_to` int(10) unsigned NOT NULL DEFAULT '0',
  `folder_id` tinyint(3) unsigned NOT NULL DEFAULT '0',
  `date_time` datetime NOT NULL DEFAULT '0000-00-00 00:00:00',
  `state` tinyint(1) NOT NULL DEFAULT '0',
  `priority` tinyint(1) unsigned NOT NULL DEFAULT '0',
  `subject` varchar(255) NOT NULL DEFAULT '',
  `message` text NOT NULL,
  PRIMARY KEY (`message_id`),
  KEY `useridto_state` (`user_id_to`,`state`)
) ENGINE=InnoDB DEFAULT CHARSET=utf8;
/*!40101 SET character_set_client = @saved_cs_client */;

--
-- Dumping data for table `triv_messages`
--

LOCK TABLES `triv_messages` WRITE;
/*!40000 ALTER TABLE `triv_messages` DISABLE KEYS */;
/*!40000 ALTER TABLE `triv_messages` ENABLE KEYS */;
UNLOCK TABLES;

--
-- Table structure for table `triv_messages_cfg`
--

DROP TABLE IF EXISTS `triv_messages_cfg`;
/*!40101 SET @saved_cs_client     = @@character_set_client */;
/*!40101 SET character_set_client = utf8 */;
CREATE TABLE `triv_messages_cfg` (
  `user_id` int(10) unsigned NOT NULL DEFAULT '0',
  `cfg_name` varchar(100) NOT NULL DEFAULT '',
  `cfg_value` varchar(255) NOT NULL DEFAULT '',
  UNIQUE KEY `idx_user_var_name` (`user_id`,`cfg_name`)
) ENGINE=InnoDB DEFAULT CHARSET=utf8;
/*!40101 SET character_set_client = @saved_cs_client */;

--
-- Dumping data for table `triv_messages_cfg`
--

LOCK TABLES `triv_messages_cfg` WRITE;
/*!40000 ALTER TABLE `triv_messages_cfg` DISABLE KEYS */;
/*!40000 ALTER TABLE `triv_messages_cfg` ENABLE KEYS */;
UNLOCK TABLES;

--
-- Table structure for table `triv_modules`
--

DROP TABLE IF EXISTS `triv_modules`;
/*!40101 SET @saved_cs_client     = @@character_set_client */;
/*!40101 SET character_set_client = utf8 */;
CREATE TABLE `triv_modules` (
  `id` int(11) NOT NULL AUTO_INCREMENT,
  `title` varchar(100) NOT NULL DEFAULT '',
  `note` varchar(255) NOT NULL DEFAULT '',
  `content` text NOT NULL,
  `ordering` int(11) NOT NULL DEFAULT '0',
  `position` varchar(50) NOT NULL DEFAULT '',
  `checked_out` int(10) unsigned NOT NULL DEFAULT '0',
  `checked_out_time` datetime NOT NULL DEFAULT '0000-00-00 00:00:00',
  `publish_up` datetime NOT NULL DEFAULT '0000-00-00 00:00:00',
  `publish_down` datetime NOT NULL DEFAULT '0000-00-00 00:00:00',
  `published` tinyint(1) NOT NULL DEFAULT '0',
  `module` varchar(50) DEFAULT NULL,
  `access` int(10) unsigned NOT NULL DEFAULT '0',
  `showtitle` tinyint(3) unsigned NOT NULL DEFAULT '1',
  `params` text NOT NULL,
  `client_id` tinyint(4) NOT NULL DEFAULT '0',
  `language` char(7) NOT NULL,
  PRIMARY KEY (`id`),
  KEY `published` (`published`,`access`),
  KEY `newsfeeds` (`module`,`published`),
  KEY `idx_language` (`language`)
) ENGINE=InnoDB AUTO_INCREMENT=87 DEFAULT CHARSET=utf8;
/*!40101 SET character_set_client = @saved_cs_client */;

--
-- Dumping data for table `triv_modules`
--

LOCK TABLES `triv_modules` WRITE;
/*!40000 ALTER TABLE `triv_modules` DISABLE KEYS */;
INSERT INTO `triv_modules` VALUES (1,'Main Menu','','',1,'position-7',0,'0000-00-00 00:00:00','0000-00-00 00:00:00','0000-00-00 00:00:00',1,'mod_menu',1,1,'{\"menutype\":\"mainmenu\",\"startLevel\":\"0\",\"endLevel\":\"0\",\"showAllChildren\":\"0\",\"tag_id\":\"\",\"class_sfx\":\"\",\"window_open\":\"\",\"layout\":\"\",\"moduleclass_sfx\":\"_menu\",\"cache\":\"1\",\"cache_time\":\"900\",\"cachemode\":\"itemid\"}',0,'*'),(2,'Login','','',1,'login',0,'0000-00-00 00:00:00','0000-00-00 00:00:00','0000-00-00 00:00:00',1,'mod_login',1,1,'',1,'*'),(3,'Popular Articles','','',3,'cpanel',0,'0000-00-00 00:00:00','0000-00-00 00:00:00','0000-00-00 00:00:00',1,'mod_popular',3,1,'{\"count\":\"5\",\"catid\":\"\",\"user_id\":\"0\",\"layout\":\"_:default\",\"moduleclass_sfx\":\"\",\"cache\":\"0\",\"automatic_title\":\"1\"}',1,'*'),(4,'Recently Added Articles','','',4,'cpanel',0,'0000-00-00 00:00:00','0000-00-00 00:00:00','0000-00-00 00:00:00',1,'mod_latest',3,1,'{\"count\":\"5\",\"ordering\":\"c_dsc\",\"catid\":\"\",\"user_id\":\"0\",\"layout\":\"_:default\",\"moduleclass_sfx\":\"\",\"cache\":\"0\",\"automatic_title\":\"1\"}',1,'*'),(8,'Toolbar','','',1,'toolbar',0,'0000-00-00 00:00:00','0000-00-00 00:00:00','0000-00-00 00:00:00',1,'mod_toolbar',3,1,'',1,'*'),(9,'Quick Icons','','',1,'icon',0,'0000-00-00 00:00:00','0000-00-00 00:00:00','0000-00-00 00:00:00',1,'mod_quickicon',3,1,'',1,'*'),(10,'Logged-in Users','','',2,'cpanel',0,'0000-00-00 00:00:00','0000-00-00 00:00:00','0000-00-00 00:00:00',1,'mod_logged',3,1,'{\"count\":\"5\",\"name\":\"1\",\"layout\":\"_:default\",\"moduleclass_sfx\":\"\",\"cache\":\"0\",\"automatic_title\":\"1\"}',1,'*'),(12,'Admin Menu','','',1,'menu',0,'0000-00-00 00:00:00','0000-00-00 00:00:00','0000-00-00 00:00:00',1,'mod_menu',3,1,'{\"layout\":\"\",\"moduleclass_sfx\":\"\",\"shownew\":\"1\",\"showhelp\":\"1\",\"cache\":\"0\"}',1,'*'),(13,'Admin Submenu','','',1,'submenu',0,'0000-00-00 00:00:00','0000-00-00 00:00:00','0000-00-00 00:00:00',1,'mod_submenu',3,1,'',1,'*'),(14,'User Status','','',2,'status',0,'0000-00-00 00:00:00','0000-00-00 00:00:00','0000-00-00 00:00:00',1,'mod_status',3,1,'',1,'*'),(15,'Title','','',1,'title',0,'0000-00-00 00:00:00','0000-00-00 00:00:00','0000-00-00 00:00:00',1,'mod_title',3,1,'',1,'*'),(16,'Login Form','','',7,'position-7',0,'0000-00-00 00:00:00','0000-00-00 00:00:00','0000-00-00 00:00:00',1,'mod_login',1,1,'{\"greeting\":\"1\",\"name\":\"0\"}',0,'*'),(17,'Breadcrumbs','','',1,'position-2',0,'0000-00-00 00:00:00','0000-00-00 00:00:00','0000-00-00 00:00:00',1,'mod_breadcrumbs',1,1,'{\"moduleclass_sfx\":\"\",\"showHome\":\"1\",\"homeText\":\"Home\",\"showComponent\":\"1\",\"separator\":\"\",\"cache\":\"1\",\"cache_time\":\"900\",\"cachemode\":\"itemid\"}',0,'*'),(79,'Multilanguage status','','',1,'status',0,'0000-00-00 00:00:00','0000-00-00 00:00:00','0000-00-00 00:00:00',0,'mod_multilangstatus',3,1,'{\"layout\":\"_:default\",\"moduleclass_sfx\":\"\",\"cache\":\"0\"}',1,'*'),(86,'Joomla Version','','',1,'footer',0,'0000-00-00 00:00:00','0000-00-00 00:00:00','0000-00-00 00:00:00',1,'mod_version',3,1,'{\"format\":\"short\",\"product\":\"1\",\"layout\":\"_:default\",\"moduleclass_sfx\":\"\",\"cache\":\"0\"}',1,'*');
/*!40000 ALTER TABLE `triv_modules` ENABLE KEYS */;
UNLOCK TABLES;

--
-- Table structure for table `triv_modules_menu`
--

DROP TABLE IF EXISTS `triv_modules_menu`;
/*!40101 SET @saved_cs_client     = @@character_set_client */;
/*!40101 SET character_set_client = utf8 */;
CREATE TABLE `triv_modules_menu` (
  `moduleid` int(11) NOT NULL DEFAULT '0',
  `menuid` int(11) NOT NULL DEFAULT '0',
  PRIMARY KEY (`moduleid`,`menuid`)
) ENGINE=InnoDB DEFAULT CHARSET=utf8;
/*!40101 SET character_set_client = @saved_cs_client */;

--
-- Dumping data for table `triv_modules_menu`
--

LOCK TABLES `triv_modules_menu` WRITE;
/*!40000 ALTER TABLE `triv_modules_menu` DISABLE KEYS */;
INSERT INTO `triv_modules_menu` VALUES (1,0),(2,0),(3,0),(4,0),(6,0),(7,0),(8,0),(9,0),(10,0),(12,0),(13,0),(14,0),(15,0),(16,0),(17,0),(79,0),(86,0);
/*!40000 ALTER TABLE `triv_modules_menu` ENABLE KEYS */;
UNLOCK TABLES;

--
-- Table structure for table `triv_newsfeeds`
--

DROP TABLE IF EXISTS `triv_newsfeeds`;
/*!40101 SET @saved_cs_client     = @@character_set_client */;
/*!40101 SET character_set_client = utf8 */;
CREATE TABLE `triv_newsfeeds` (
  `catid` int(11) NOT NULL DEFAULT '0',
  `id` int(10) unsigned NOT NULL AUTO_INCREMENT,
  `name` varchar(100) NOT NULL DEFAULT '',
  `alias` varchar(255) CHARACTER SET utf8 COLLATE utf8_bin NOT NULL DEFAULT '',
  `link` varchar(200) NOT NULL DEFAULT '',
  `published` tinyint(1) NOT NULL DEFAULT '0',
  `numarticles` int(10) unsigned NOT NULL DEFAULT '1',
  `cache_time` int(10) unsigned NOT NULL DEFAULT '3600',
  `checked_out` int(10) unsigned NOT NULL DEFAULT '0',
  `checked_out_time` datetime NOT NULL DEFAULT '0000-00-00 00:00:00',
  `ordering` int(11) NOT NULL DEFAULT '0',
  `rtl` tinyint(4) NOT NULL DEFAULT '0',
  `access` int(10) unsigned NOT NULL DEFAULT '0',
  `language` char(7) NOT NULL DEFAULT '',
  `params` text NOT NULL,
  `created` datetime NOT NULL DEFAULT '0000-00-00 00:00:00',
  `created_by` int(10) unsigned NOT NULL DEFAULT '0',
  `created_by_alias` varchar(255) NOT NULL DEFAULT '',
  `modified` datetime NOT NULL DEFAULT '0000-00-00 00:00:00',
  `modified_by` int(10) unsigned NOT NULL DEFAULT '0',
  `metakey` text NOT NULL,
  `metadesc` text NOT NULL,
  `metadata` text NOT NULL,
  `xreference` varchar(50) NOT NULL COMMENT 'A reference to enable linkages to external data sets.',
  `publish_up` datetime NOT NULL DEFAULT '0000-00-00 00:00:00',
  `publish_down` datetime NOT NULL DEFAULT '0000-00-00 00:00:00',
  `description` text NOT NULL,
  `version` int(10) unsigned NOT NULL DEFAULT '1',
  `hits` int(10) unsigned NOT NULL DEFAULT '0',
  `images` text NOT NULL,
  PRIMARY KEY (`id`),
  KEY `idx_access` (`access`),
  KEY `idx_checkout` (`checked_out`),
  KEY `idx_state` (`published`),
  KEY `idx_catid` (`catid`),
  KEY `idx_createdby` (`created_by`),
  KEY `idx_language` (`language`),
  KEY `idx_xreference` (`xreference`)
) ENGINE=InnoDB DEFAULT CHARSET=utf8;
/*!40101 SET character_set_client = @saved_cs_client */;

--
-- Dumping data for table `triv_newsfeeds`
--

LOCK TABLES `triv_newsfeeds` WRITE;
/*!40000 ALTER TABLE `triv_newsfeeds` DISABLE KEYS */;
/*!40000 ALTER TABLE `triv_newsfeeds` ENABLE KEYS */;
UNLOCK TABLES;

--
-- Table structure for table `triv_overrider`
--

DROP TABLE IF EXISTS `triv_overrider`;
/*!40101 SET @saved_cs_client     = @@character_set_client */;
/*!40101 SET character_set_client = utf8 */;
CREATE TABLE `triv_overrider` (
  `id` int(10) NOT NULL AUTO_INCREMENT COMMENT 'Primary Key',
  `constant` varchar(255) NOT NULL,
  `string` text NOT NULL,
  `file` varchar(255) NOT NULL,
  PRIMARY KEY (`id`)
) ENGINE=InnoDB DEFAULT CHARSET=utf8;
/*!40101 SET character_set_client = @saved_cs_client */;

--
-- Dumping data for table `triv_overrider`
--

LOCK TABLES `triv_overrider` WRITE;
/*!40000 ALTER TABLE `triv_overrider` DISABLE KEYS */;
/*!40000 ALTER TABLE `triv_overrider` ENABLE KEYS */;
UNLOCK TABLES;

--
-- Table structure for table `triv_redirect_links`
--

DROP TABLE IF EXISTS `triv_redirect_links`;
/*!40101 SET @saved_cs_client     = @@character_set_client */;
/*!40101 SET character_set_client = utf8 */;
CREATE TABLE `triv_redirect_links` (
  `id` int(10) unsigned NOT NULL AUTO_INCREMENT,
  `old_url` varchar(255) NOT NULL,
  `new_url` varchar(255) NOT NULL,
  `referer` varchar(150) NOT NULL,
  `comment` varchar(255) NOT NULL,
  `hits` int(10) unsigned NOT NULL DEFAULT '0',
  `published` tinyint(4) NOT NULL,
  `created_date` datetime NOT NULL DEFAULT '0000-00-00 00:00:00',
  `modified_date` datetime NOT NULL DEFAULT '0000-00-00 00:00:00',
  PRIMARY KEY (`id`),
  UNIQUE KEY `idx_link_old` (`old_url`),
  KEY `idx_link_modifed` (`modified_date`)
) ENGINE=InnoDB DEFAULT CHARSET=utf8;
/*!40101 SET character_set_client = @saved_cs_client */;

--
-- Dumping data for table `triv_redirect_links`
--

LOCK TABLES `triv_redirect_links` WRITE;
/*!40000 ALTER TABLE `triv_redirect_links` DISABLE KEYS */;
/*!40000 ALTER TABLE `triv_redirect_links` ENABLE KEYS */;
UNLOCK TABLES;

--
-- Table structure for table `triv_schemas`
--

DROP TABLE IF EXISTS `triv_schemas`;
/*!40101 SET @saved_cs_client     = @@character_set_client */;
/*!40101 SET character_set_client = utf8 */;
CREATE TABLE `triv_schemas` (
  `extension_id` int(11) NOT NULL,
  `version_id` varchar(20) NOT NULL,
  PRIMARY KEY (`extension_id`,`version_id`)
) ENGINE=InnoDB DEFAULT CHARSET=utf8;
/*!40101 SET character_set_client = @saved_cs_client */;

--
-- Dumping data for table `triv_schemas`
--

LOCK TABLES `triv_schemas` WRITE;
/*!40000 ALTER TABLE `triv_schemas` DISABLE KEYS */;
INSERT INTO `triv_schemas` VALUES (700,'3.1.1');
/*!40000 ALTER TABLE `triv_schemas` ENABLE KEYS */;
UNLOCK TABLES;

--
-- Table structure for table `triv_session`
--

DROP TABLE IF EXISTS `triv_session`;
/*!40101 SET @saved_cs_client     = @@character_set_client */;
/*!40101 SET character_set_client = utf8 */;
CREATE TABLE `triv_session` (
  `session_id` varchar(200) NOT NULL DEFAULT '',
  `client_id` tinyint(3) unsigned NOT NULL DEFAULT '0',
  `guest` tinyint(4) unsigned DEFAULT '1',
  `time` varchar(14) DEFAULT '',
  `data` mediumtext,
  `userid` int(11) DEFAULT '0',
  `username` varchar(150) DEFAULT '',
  PRIMARY KEY (`session_id`),
  KEY `userid` (`userid`),
  KEY `time` (`time`)
) ENGINE=InnoDB DEFAULT CHARSET=utf8;
/*!40101 SET character_set_client = @saved_cs_client */;

--
-- Dumping data for table `triv_session`
--

LOCK TABLES `triv_session` WRITE;
/*!40000 ALTER TABLE `triv_session` DISABLE KEYS */;
INSERT INTO `triv_session` VALUES ('115m3reb7t6gnqas8e42qvm580',0,1,'1370546374','__default|a:7:{s:15:\"session.counter\";i:1;s:19:\"session.timer.start\";i:1370546373;s:18:\"session.timer.last\";i:1370546373;s:17:\"session.timer.now\";i:1370546373;s:8:\"registry\";O:9:\"JRegistry\":1:{s:7:\"\\0\\0\\0data\";O:8:\"stdClass\":0:{}}s:4:\"user\";O:5:\"JUser\":24:{s:9:\"\\0\\0\\0isRoot\";N;s:2:\"id\";i:0;s:4:\"name\";N;s:8:\"username\";N;s:5:\"email\";N;s:8:\"password\";N;s:14:\"password_clear\";s:0:\"\";s:5:\"block\";N;s:9:\"sendEmail\";i:0;s:12:\"registerDate\";N;s:13:\"lastvisitDate\";N;s:10:\"activation\";N;s:6:\"params\";N;s:6:\"groups\";a:1:{i:0;s:1:\"9\";}s:5:\"guest\";i:1;s:13:\"lastResetTime\";N;s:10:\"resetCount\";N;s:10:\"\\0\\0\\0_params\";O:9:\"JRegistry\":1:{s:7:\"\\0\\0\\0data\";O:8:\"stdClass\":0:{}}s:14:\"\\0\\0\\0_authGroups\";N;s:14:\"\\0\\0\\0_authLevels\";a:3:{i:0;i:1;i:1;i:1;i:2;i:5;}s:15:\"\\0\\0\\0_authActions\";N;s:12:\"\\0\\0\\0_errorMsg\";N;s:10:\"\\0\\0\\0_errors\";a:0:{}s:3:\"aid\";i:0;}s:13:\"session.token\";s:32:\"1a4f066c2c6bf67394cbd693b5f9524d\";}',0,''),('86obn5mnbntgfsdcnva3t8jl24',0,1,'1370546373','__default|a:7:{s:15:\"session.counter\";i:1;s:19:\"session.timer.start\";i:1370546373;s:18:\"session.timer.last\";i:1370546373;s:17:\"session.timer.now\";i:1370546373;s:8:\"registry\";O:9:\"JRegistry\":1:{s:7:\"\\0\\0\\0data\";O:8:\"stdClass\":0:{}}s:4:\"user\";O:5:\"JUser\":24:{s:9:\"\\0\\0\\0isRoot\";N;s:2:\"id\";i:0;s:4:\"name\";N;s:8:\"username\";N;s:5:\"email\";N;s:8:\"password\";N;s:14:\"password_clear\";s:0:\"\";s:5:\"block\";N;s:9:\"sendEmail\";i:0;s:12:\"registerDate\";N;s:13:\"lastvisitDate\";N;s:10:\"activation\";N;s:6:\"params\";N;s:6:\"groups\";a:1:{i:0;s:1:\"9\";}s:5:\"guest\";i:1;s:13:\"lastResetTime\";N;s:10:\"resetCount\";N;s:10:\"\\0\\0\\0_params\";O:9:\"JRegistry\":1:{s:7:\"\\0\\0\\0data\";O:8:\"stdClass\":0:{}}s:14:\"\\0\\0\\0_authGroups\";N;s:14:\"\\0\\0\\0_authLevels\";a:3:{i:0;i:1;i:1;i:1;i:2;i:5;}s:15:\"\\0\\0\\0_authActions\";N;s:12:\"\\0\\0\\0_errorMsg\";N;s:10:\"\\0\\0\\0_errors\";a:0:{}s:3:\"aid\";i:0;}s:17:\"application.queue\";a:1:{i:0;a:2:{s:7:\"message\";s:20:\"You must login first\";s:4:\"type\";s:7:\"message\";}}}',0,''),('a82042ec17cedcbe7eaa48a114640e2d',1,0,'1370546640','__default|a:8:{s:15:\"session.counter\";i:5;s:19:\"session.timer.start\";i:1370546620;s:18:\"session.timer.last\";i:1370546633;s:17:\"session.timer.now\";i:1370546640;s:22:\"session.client.browser\";s:120:\"Mozilla/5.0 (Macintosh; Intel Mac OS X 10_8_3) AppleWebKit/537.36 (KHTML, like Gecko) Chrome/27.0.1453.110 Safari/537.36\";s:8:\"registry\";O:9:\"JRegistry\":1:{s:7:\"\\0\\0\\0data\";O:8:\"stdClass\":2:{s:11:\"application\";O:8:\"stdClass\":1:{s:4:\"lang\";s:0:\"\";}s:13:\"com_installer\";O:8:\"stdClass\":2:{s:7:\"message\";s:0:\"\";s:17:\"extension_message\";s:0:\"\";}}}s:4:\"user\";O:5:\"JUser\":24:{s:9:\"\\0\\0\\0isRoot\";b:1;s:2:\"id\";s:3:\"618\";s:4:\"name\";s:10:\"Super User\";s:8:\"username\";s:5:\"chris\";s:5:\"email\";s:19:\"chris@crosscliq.com\";s:8:\"password\";s:65:\"3c444ef82dc11a16e7602dd9465e838e:gOtYtukFReeq5sxNRjrwzX8m1hK1Qbzm\";s:14:\"password_clear\";s:0:\"\";s:5:\"block\";s:1:\"0\";s:9:\"sendEmail\";s:1:\"1\";s:12:\"registerDate\";s:19:\"2013-05-30 16:32:14\";s:13:\"lastvisitDate\";s:19:\"2013-06-06 18:00:46\";s:10:\"activation\";s:1:\"0\";s:6:\"params\";s:0:\"\";s:6:\"groups\";a:1:{i:8;s:1:\"8\";}s:5:\"guest\";i:0;s:13:\"lastResetTime\";s:19:\"0000-00-00 00:00:00\";s:10:\"resetCount\";s:1:\"0\";s:10:\"\\0\\0\\0_params\";O:9:\"JRegistry\":1:{s:7:\"\\0\\0\\0data\";O:8:\"stdClass\":0:{}}s:14:\"\\0\\0\\0_authGroups\";a:2:{i:0;i:1;i:1;i:8;}s:14:\"\\0\\0\\0_authLevels\";a:4:{i:0;i:1;i:1;i:1;i:2;i:2;i:3;i:3;}s:15:\"\\0\\0\\0_authActions\";N;s:12:\"\\0\\0\\0_errorMsg\";N;s:10:\"\\0\\0\\0_errors\";a:0:{}s:3:\"aid\";i:0;}s:13:\"session.token\";s:32:\"1a7a9c4876a7bb812b32acec46cd9542\";}',618,'chris'),('af83969c319069f915dfaa01a439da62',0,0,'1370546534','__default|a:9:{s:15:\"session.counter\";i:1;s:19:\"session.timer.start\";i:1370546534;s:18:\"session.timer.last\";i:1370546534;s:17:\"session.timer.now\";i:1370546534;s:22:\"session.client.browser\";s:120:\"Mozilla/5.0 (Macintosh; Intel Mac OS X 10_8_3) AppleWebKit/537.36 (KHTML, like Gecko) Chrome/27.0.1453.110 Safari/537.36\";s:8:\"registry\";O:9:\"JRegistry\":1:{s:7:\"\\0\\0\\0data\";O:8:\"stdClass\":0:{}}s:4:\"user\";O:5:\"JUser\":24:{s:9:\"\\0\\0\\0isRoot\";b:0;s:2:\"id\";s:3:\"619\";s:4:\"name\";s:12:\"Chris French\";s:8:\"username\";s:11:\"chrisfrench\";s:5:\"email\";s:24:\"chrisfrench@triv.2win.co\";s:8:\"password\";s:65:\"d2ba024f30289bee6af4d4836ab5caa3:opglg5k2NAMNuGVAC1jVxV9gwwzUAPST\";s:14:\"password_clear\";s:0:\"\";s:5:\"block\";s:1:\"0\";s:9:\"sendEmail\";s:1:\"0\";s:12:\"registerDate\";s:19:\"2013-05-31 18:00:06\";s:13:\"lastvisitDate\";s:19:\"2013-06-06 18:13:52\";s:10:\"activation\";s:0:\"\";s:6:\"params\";s:2:\"{}\";s:6:\"groups\";a:1:{i:2;s:1:\"2\";}s:5:\"guest\";i:0;s:13:\"lastResetTime\";s:19:\"0000-00-00 00:00:00\";s:10:\"resetCount\";s:1:\"0\";s:10:\"\\0\\0\\0_params\";O:9:\"JRegistry\":1:{s:7:\"\\0\\0\\0data\";O:8:\"stdClass\":0:{}}s:14:\"\\0\\0\\0_authGroups\";a:2:{i:0;i:1;i:1;i:2;}s:14:\"\\0\\0\\0_authLevels\";a:3:{i:0;i:1;i:1;i:1;i:2;i:2;}s:15:\"\\0\\0\\0_authActions\";N;s:12:\"\\0\\0\\0_errorMsg\";N;s:10:\"\\0\\0\\0_errors\";a:0:{}s:3:\"aid\";i:0;}s:6:\"userid\";s:3:\"619\";s:13:\"session.token\";s:32:\"82f2e6ab7c82d815e3a5d8dc3b1b8880\";}',619,'chrisfrench');
/*!40000 ALTER TABLE `triv_session` ENABLE KEYS */;
UNLOCK TABLES;

--
-- Table structure for table `triv_tags`
--

DROP TABLE IF EXISTS `triv_tags`;
/*!40101 SET @saved_cs_client     = @@character_set_client */;
/*!40101 SET character_set_client = utf8 */;
CREATE TABLE `triv_tags` (
  `id` int(10) unsigned NOT NULL AUTO_INCREMENT,
  `parent_id` int(10) unsigned NOT NULL DEFAULT '0',
  `lft` int(11) NOT NULL DEFAULT '0',
  `rgt` int(11) NOT NULL DEFAULT '0',
  `level` int(10) unsigned NOT NULL DEFAULT '0',
  `path` varchar(255) NOT NULL DEFAULT '',
  `title` varchar(255) NOT NULL,
  `alias` varchar(255) CHARACTER SET utf8 COLLATE utf8_bin NOT NULL DEFAULT '',
  `note` varchar(255) NOT NULL DEFAULT '',
  `description` mediumtext NOT NULL,
  `published` tinyint(1) NOT NULL DEFAULT '0',
  `checked_out` int(11) unsigned NOT NULL DEFAULT '0',
  `checked_out_time` datetime NOT NULL DEFAULT '0000-00-00 00:00:00',
  `access` int(10) unsigned NOT NULL DEFAULT '0',
  `params` text NOT NULL,
  `metadesc` varchar(1024) NOT NULL COMMENT 'The meta description for the page.',
  `metakey` varchar(1024) NOT NULL COMMENT 'The meta keywords for the page.',
  `metadata` varchar(2048) NOT NULL COMMENT 'JSON encoded metadata properties.',
  `created_user_id` int(10) unsigned NOT NULL DEFAULT '0',
  `created_time` datetime NOT NULL DEFAULT '0000-00-00 00:00:00',
  `created_by_alias` varchar(255) NOT NULL DEFAULT '',
  `modified_user_id` int(10) unsigned NOT NULL DEFAULT '0',
  `modified_time` datetime NOT NULL DEFAULT '0000-00-00 00:00:00',
  `images` text NOT NULL,
  `urls` text NOT NULL,
  `hits` int(10) unsigned NOT NULL DEFAULT '0',
  `language` char(7) NOT NULL,
  `version` int(10) unsigned NOT NULL DEFAULT '1',
  `publish_up` datetime NOT NULL DEFAULT '0000-00-00 00:00:00',
  `publish_down` datetime NOT NULL DEFAULT '0000-00-00 00:00:00',
  PRIMARY KEY (`id`),
  KEY `tag_idx` (`published`,`access`),
  KEY `idx_access` (`access`),
  KEY `idx_checkout` (`checked_out`),
  KEY `idx_path` (`path`),
  KEY `idx_left_right` (`lft`,`rgt`),
  KEY `idx_alias` (`alias`),
  KEY `idx_language` (`language`)
) ENGINE=InnoDB AUTO_INCREMENT=2 DEFAULT CHARSET=utf8;
/*!40101 SET character_set_client = @saved_cs_client */;

--
-- Dumping data for table `triv_tags`
--

LOCK TABLES `triv_tags` WRITE;
/*!40000 ALTER TABLE `triv_tags` DISABLE KEYS */;
INSERT INTO `triv_tags` VALUES (1,0,0,1,0,'','ROOT','root','','',1,0,'0000-00-00 00:00:00',1,'{}','','','',0,'2011-01-01 00:00:01','',0,'0000-00-00 00:00:00','','',0,'*',1,'0000-00-00 00:00:00','0000-00-00 00:00:00');
/*!40000 ALTER TABLE `triv_tags` ENABLE KEYS */;
UNLOCK TABLES;

--
-- Table structure for table `triv_template_styles`
--

DROP TABLE IF EXISTS `triv_template_styles`;
/*!40101 SET @saved_cs_client     = @@character_set_client */;
/*!40101 SET character_set_client = utf8 */;
CREATE TABLE `triv_template_styles` (
  `id` int(10) unsigned NOT NULL AUTO_INCREMENT,
  `template` varchar(50) NOT NULL DEFAULT '',
  `client_id` tinyint(1) unsigned NOT NULL DEFAULT '0',
  `home` char(7) NOT NULL DEFAULT '0',
  `title` varchar(255) NOT NULL DEFAULT '',
  `params` text NOT NULL,
  PRIMARY KEY (`id`),
  KEY `idx_template` (`template`),
  KEY `idx_home` (`home`)
) ENGINE=InnoDB AUTO_INCREMENT=10 DEFAULT CHARSET=utf8;
/*!40101 SET character_set_client = @saved_cs_client */;

--
-- Dumping data for table `triv_template_styles`
--

LOCK TABLES `triv_template_styles` WRITE;
/*!40000 ALTER TABLE `triv_template_styles` DISABLE KEYS */;
INSERT INTO `triv_template_styles` VALUES (4,'beez3',0,'0','Beez3 - Default','{\"wrapperSmall\":\"53\",\"wrapperLarge\":\"72\",\"logo\":\"images\\/joomla_black.gif\",\"sitetitle\":\"Joomla!\",\"sitedescription\":\"Open Source Content Management\",\"navposition\":\"left\",\"templatecolor\":\"personal\",\"html5\":\"0\"}'),(5,'hathor',1,'0','Hathor - Default','{\"showSiteName\":\"0\",\"colourChoice\":\"\",\"boldText\":\"0\"}'),(7,'protostar',0,'0','protostar - Default','{\"templateColor\":\"\",\"logoFile\":\"\",\"googleFont\":\"1\",\"googleFontName\":\"Open+Sans\",\"fluidContainer\":\"0\"}'),(8,'isis',1,'1','isis - Default','{\"templateColor\":\"\",\"logoFile\":\"\"}'),(9,'crosscliq',0,'1','crosscliw - Default','{}');
/*!40000 ALTER TABLE `triv_template_styles` ENABLE KEYS */;
UNLOCK TABLES;

--
-- Table structure for table `triv_ucm_base`
--

DROP TABLE IF EXISTS `triv_ucm_base`;
/*!40101 SET @saved_cs_client     = @@character_set_client */;
/*!40101 SET character_set_client = utf8 */;
CREATE TABLE `triv_ucm_base` (
  `ucm_id` int(10) unsigned NOT NULL,
  `ucm_item_id` int(10) NOT NULL,
  `ucm_type_id` int(11) NOT NULL,
  `ucm_language_id` int(11) NOT NULL,
  PRIMARY KEY (`ucm_id`),
  KEY `idx_ucm_item_id` (`ucm_item_id`),
  KEY `idx_ucm_type_id` (`ucm_type_id`),
  KEY `idx_ucm_language_id` (`ucm_language_id`)
) ENGINE=InnoDB DEFAULT CHARSET=utf8;
/*!40101 SET character_set_client = @saved_cs_client */;

--
-- Dumping data for table `triv_ucm_base`
--

LOCK TABLES `triv_ucm_base` WRITE;
/*!40000 ALTER TABLE `triv_ucm_base` DISABLE KEYS */;
/*!40000 ALTER TABLE `triv_ucm_base` ENABLE KEYS */;
UNLOCK TABLES;

--
-- Table structure for table `triv_ucm_content`
--

DROP TABLE IF EXISTS `triv_ucm_content`;
/*!40101 SET @saved_cs_client     = @@character_set_client */;
/*!40101 SET character_set_client = utf8 */;
CREATE TABLE `triv_ucm_content` (
  `core_content_id` int(10) unsigned NOT NULL AUTO_INCREMENT,
  `core_type_alias` varchar(255) NOT NULL DEFAULT '' COMMENT 'FK to the content types table',
  `core_title` varchar(255) NOT NULL,
  `core_alias` varchar(255) CHARACTER SET utf8 COLLATE utf8_bin NOT NULL DEFAULT '',
  `core_body` mediumtext NOT NULL,
  `core_state` tinyint(1) NOT NULL DEFAULT '0',
  `core_checked_out_time` varchar(255) NOT NULL DEFAULT '',
  `core_checked_out_user_id` int(10) unsigned NOT NULL DEFAULT '0',
  `core_access` int(10) unsigned NOT NULL DEFAULT '0',
  `core_params` text NOT NULL,
  `core_featured` tinyint(4) unsigned NOT NULL DEFAULT '0',
  `core_metadata` varchar(2048) NOT NULL COMMENT 'JSON encoded metadata properties.',
  `core_created_user_id` int(10) unsigned NOT NULL DEFAULT '0',
  `core_created_by_alias` varchar(255) NOT NULL DEFAULT '',
  `core_created_time` datetime NOT NULL DEFAULT '0000-00-00 00:00:00',
  `core_modified_user_id` int(10) unsigned NOT NULL DEFAULT '0' COMMENT 'Most recent user that modified',
  `core_modified_time` datetime NOT NULL DEFAULT '0000-00-00 00:00:00',
  `core_language` char(7) NOT NULL,
  `core_publish_up` datetime NOT NULL,
  `core_publish_down` datetime NOT NULL,
  `core_content_item_id` int(10) unsigned DEFAULT NULL COMMENT 'ID from the individual type table',
  `asset_id` int(10) unsigned DEFAULT NULL COMMENT 'FK to the #__assets table.',
  `core_images` text NOT NULL,
  `core_urls` text NOT NULL,
  `core_hits` int(10) unsigned NOT NULL DEFAULT '0',
  `core_version` int(10) unsigned NOT NULL DEFAULT '1',
  `core_ordering` int(11) NOT NULL DEFAULT '0',
  `core_metakey` text NOT NULL,
  `core_metadesc` text NOT NULL,
  `core_catid` int(10) unsigned NOT NULL DEFAULT '0',
  `core_xreference` varchar(50) NOT NULL COMMENT 'A reference to enable linkages to external data sets.',
  `core_type_id` int(10) unsigned DEFAULT NULL,
  PRIMARY KEY (`core_content_id`),
  KEY `tag_idx` (`core_state`,`core_access`),
  KEY `idx_access` (`core_access`),
  KEY `idx_alias` (`core_alias`),
  KEY `idx_language` (`core_language`),
  KEY `idx_title` (`core_title`),
  KEY `idx_modified_time` (`core_modified_time`),
  KEY `idx_created_time` (`core_created_time`),
  KEY `idx_content_type` (`core_type_alias`),
  KEY `idx_core_modified_user_id` (`core_modified_user_id`),
  KEY `idx_core_checked_out_user_id` (`core_checked_out_user_id`),
  KEY `idx_core_created_user_id` (`core_created_user_id`),
  KEY `idx_core_type_id` (`core_type_id`)
) ENGINE=InnoDB DEFAULT CHARSET=utf8 COMMENT='Contains core content data in name spaced fields';
/*!40101 SET character_set_client = @saved_cs_client */;

--
-- Dumping data for table `triv_ucm_content`
--

LOCK TABLES `triv_ucm_content` WRITE;
/*!40000 ALTER TABLE `triv_ucm_content` DISABLE KEYS */;
/*!40000 ALTER TABLE `triv_ucm_content` ENABLE KEYS */;
UNLOCK TABLES;

--
-- Table structure for table `triv_update_sites`
--

DROP TABLE IF EXISTS `triv_update_sites`;
/*!40101 SET @saved_cs_client     = @@character_set_client */;
/*!40101 SET character_set_client = utf8 */;
CREATE TABLE `triv_update_sites` (
  `update_site_id` int(11) NOT NULL AUTO_INCREMENT,
  `name` varchar(100) DEFAULT '',
  `type` varchar(20) DEFAULT '',
  `location` text NOT NULL,
  `enabled` int(11) DEFAULT '0',
  `last_check_timestamp` bigint(20) DEFAULT '0',
  PRIMARY KEY (`update_site_id`)
) ENGINE=InnoDB AUTO_INCREMENT=6 DEFAULT CHARSET=utf8 COMMENT='Update Sites';
/*!40101 SET character_set_client = @saved_cs_client */;

--
-- Dumping data for table `triv_update_sites`
--

LOCK TABLES `triv_update_sites` WRITE;
/*!40000 ALTER TABLE `triv_update_sites` DISABLE KEYS */;
INSERT INTO `triv_update_sites` VALUES (1,'Joomla Core','collection','http://update.joomla.org/core/list.xml',1,1370541649),(2,'Joomla Extension Directory','collection','http://update.joomla.org/jed/list.xml',1,1370541649),(3,'Accredited Joomla! Translations','collection','http://update.joomla.org/language/translationlist_3.xml',1,1370541649),(4,'Dioscouri Library Updates','extension','http://updates.dioscouri.com/library/updates.xml',1,1370541649),(5,'Dioscouri System Plugin Updates','extension','http://updates.dioscouri.com/plg_system_dioscouri/updates.xml',1,1370541649);
/*!40000 ALTER TABLE `triv_update_sites` ENABLE KEYS */;
UNLOCK TABLES;

--
-- Table structure for table `triv_update_sites_extensions`
--

DROP TABLE IF EXISTS `triv_update_sites_extensions`;
/*!40101 SET @saved_cs_client     = @@character_set_client */;
/*!40101 SET character_set_client = utf8 */;
CREATE TABLE `triv_update_sites_extensions` (
  `update_site_id` int(11) NOT NULL DEFAULT '0',
  `extension_id` int(11) NOT NULL DEFAULT '0',
  PRIMARY KEY (`update_site_id`,`extension_id`)
) ENGINE=InnoDB DEFAULT CHARSET=utf8 COMMENT='Links extensions to update sites';
/*!40101 SET character_set_client = @saved_cs_client */;

--
-- Dumping data for table `triv_update_sites_extensions`
--

LOCK TABLES `triv_update_sites_extensions` WRITE;
/*!40000 ALTER TABLE `triv_update_sites_extensions` DISABLE KEYS */;
INSERT INTO `triv_update_sites_extensions` VALUES (1,700),(2,700),(3,600),(4,10000),(5,10001);
/*!40000 ALTER TABLE `triv_update_sites_extensions` ENABLE KEYS */;
UNLOCK TABLES;

--
-- Table structure for table `triv_updates`
--

DROP TABLE IF EXISTS `triv_updates`;
/*!40101 SET @saved_cs_client     = @@character_set_client */;
/*!40101 SET character_set_client = utf8 */;
CREATE TABLE `triv_updates` (
  `update_id` int(11) NOT NULL AUTO_INCREMENT,
  `update_site_id` int(11) DEFAULT '0',
  `extension_id` int(11) DEFAULT '0',
  `name` varchar(100) DEFAULT '',
  `description` text NOT NULL,
  `element` varchar(100) DEFAULT '',
  `type` varchar(20) DEFAULT '',
  `folder` varchar(20) DEFAULT '',
  `client_id` tinyint(3) DEFAULT '0',
  `version` varchar(10) DEFAULT '',
  `data` text NOT NULL,
  `detailsurl` text NOT NULL,
  `infourl` text NOT NULL,
  PRIMARY KEY (`update_id`)
) ENGINE=InnoDB AUTO_INCREMENT=51 DEFAULT CHARSET=utf8 COMMENT='Available Updates';
/*!40101 SET character_set_client = @saved_cs_client */;

--
-- Dumping data for table `triv_updates`
--

LOCK TABLES `triv_updates` WRITE;
/*!40000 ALTER TABLE `triv_updates` DISABLE KEYS */;
INSERT INTO `triv_updates` VALUES (1,3,0,'Romanian','','pkg_ro-RO','package','',0,'3.1.1.2','','http://update.joomla.org/language/details3/ro-RO_details.xml',''),(2,3,0,'Flemish','','pkg_nl-BE','package','',0,'3.1.1.1','','http://update.joomla.org/language/details3/nl-BE_details.xml',''),(3,3,0,'Chinese Traditional','','pkg_zh-TW','package','',0,'3.1.0.1','','http://update.joomla.org/language/details3/zh-TW_details.xml',''),(4,3,0,'French','','pkg_fr-FR','package','',0,'3.1.1.1','','http://update.joomla.org/language/details3/fr-FR_details.xml',''),(5,3,0,'Galician','','pkg_gl-ES','package','',0,'3.0.2.2','','http://update.joomla.org/language/details3/gl-ES_details.xml',''),(6,3,0,'German','','pkg_de-DE','package','',0,'3.1.1.1','','http://update.joomla.org/language/details3/de-DE_details.xml',''),(7,3,0,'Hebrew','','pkg_he-IL','package','',0,'3.1.1.1','','http://update.joomla.org/language/details3/he-IL_details.xml',''),(8,3,0,'Hungarian','','pkg_hu-HU','package','',0,'3.1.1.1','','http://update.joomla.org/language/details3/hu-HU_details.xml',''),(9,3,0,'Afrikaans','','pkg_af-ZA','package','',0,'3.1.1.1','','http://update.joomla.org/language/details3/af-ZA_details.xml',''),(10,3,0,'Arabic Unitag','','pkg_ar-AA','package','',0,'3.1.1.1','','http://update.joomla.org/language/details3/ar-AA_details.xml',''),(11,3,0,'Belarusian','','pkg_be-BY','package','',0,'3.0.2.1','','http://update.joomla.org/language/details3/be-BY_details.xml',''),(12,3,0,'Bulgarian','','pkg_bg-BG','package','',0,'3.0.3.1','','http://update.joomla.org/language/details3/bg-BG_details.xml',''),(13,3,0,'Catalan','','pkg_ca-ES','package','',0,'3.1.1.1','','http://update.joomla.org/language/details3/ca-ES_details.xml',''),(14,3,0,'Chinese Simplified','','pkg_zh-CN','package','',0,'3.1.1.2','','http://update.joomla.org/language/details3/zh-CN_details.xml',''),(15,3,0,'Croatian','','pkg_hr-HR','package','',0,'3.1.1.1','','http://update.joomla.org/language/details3/hr-HR_details.xml',''),(16,3,0,'Danish','','pkg_da-DK','package','',0,'3.1.1.1','','http://update.joomla.org/language/details3/da-DK_details.xml',''),(17,3,0,'Dutch','','pkg_nl-NL','package','',0,'3.1.1.1','','http://update.joomla.org/language/details3/nl-NL_details.xml',''),(18,3,0,'English AU','','pkg_en-AU','package','',0,'3.1.0.1','','http://update.joomla.org/language/details3/en-AU_details.xml',''),(19,3,0,'English US','','pkg_en-US','package','',0,'3.1.0.1','','http://update.joomla.org/language/details3/en-US_details.xml',''),(20,3,0,'Estonian','','pkg_et-EE','package','',0,'3.0.2.1','','http://update.joomla.org/language/details3/et-EE_details.xml',''),(21,3,0,'Italian','','pkg_it-IT','package','',0,'3.1.1.1','','http://update.joomla.org/language/details3/it-IT_details.xml',''),(22,3,0,'Japanese','','pkg_ja-JP','package','',0,'3.1.1.1','','http://update.joomla.org/language/details3/ja-JP_details.xml',''),(23,3,0,'Korean','','pkg_ko-KR','package','',0,'3.1.0.1','','http://update.joomla.org/language/details3/ko-KR_details.xml',''),(24,3,0,'Kurdish Sorani','','pkg_ckb-IQ','package','',0,'3.0.2.1','','http://update.joomla.org/language/details3/ckb-IQ_details.xml',''),(25,3,0,'Latvian','','pkg_lv-LV','package','',0,'3.1.0.1','','http://update.joomla.org/language/details3/lv-LV_details.xml',''),(26,3,0,'Macedonian','','pkg_mk-MK','package','',0,'3.1.0.1','','http://update.joomla.org/language/details3/mk-MK_details.xml',''),(27,3,0,'Norwegian Bokmal','','pkg_nb-NO','package','',0,'3.1.1.1','','http://update.joomla.org/language/details3/nb-NO_details.xml',''),(28,3,0,'Persian','','pkg_fa-IR','package','',0,'3.1.1.1','','http://update.joomla.org/language/details3/fa-IR_details.xml',''),(29,3,0,'Polish','','pkg_pl-PL','package','',0,'3.1.1.1','','http://update.joomla.org/language/details3/pl-PL_details.xml',''),(30,3,0,'Portuguese','','pkg_pt-PT','package','',0,'3.0.2.2','','http://update.joomla.org/language/details3/pt-PT_details.xml',''),(31,3,0,'Russian','','pkg_ru-RU','package','',0,'3.0.3.1','','http://update.joomla.org/language/details3/ru-RU_details.xml',''),(32,3,0,'Scottish Gaelic','','pkg_gd-GB','package','',0,'3.1.0.1','','http://update.joomla.org/language/details3/gd-GB_details.xml',''),(33,3,0,'Slovak','','pkg_sk-SK','package','',0,'3.1.0.1','','http://update.joomla.org/language/details3/sk-SK_details.xml',''),(34,3,0,'Swedish','','pkg_sv-SE','package','',0,'3.1.0.1','','http://update.joomla.org/language/details3/sv-SE_details.xml',''),(35,3,0,'Syriac','','pkg_sy-IQ','package','',0,'3.0.3.1','','http://update.joomla.org/language/details3/sy-IQ_details.xml',''),(36,3,0,'Tamil','','pkg_ta-IN','package','',0,'3.1.1.1','','http://update.joomla.org/language/details3/ta-IN_details.xml',''),(37,3,0,'Thai','','pkg_th-TH','package','',0,'3.1.0.1','','http://update.joomla.org/language/details3/th-TH_details.xml',''),(38,3,0,'Turkish','','pkg_tr-TR','package','',0,'3.1.0.1','','http://update.joomla.org/language/details3/tr-TR_details.xml',''),(39,3,0,'Ukrainian','','pkg_uk-UA','package','',0,'3.0.2.1','','http://update.joomla.org/language/details3/uk-UA_details.xml',''),(40,3,0,'Uyghur','','pkg_ug-CN','package','',0,'3.0.2.1','','http://update.joomla.org/language/details3/ug-CN_details.xml',''),(41,3,0,'Albanian','','pkg_sq-AL','package','',0,'3.1.1.1','','http://update.joomla.org/language/details3/sq-AL_details.xml',''),(42,3,0,'Portuguese Brazil','','pkg_pt-BR','package','',0,'3.0.3.1','','http://update.joomla.org/language/details3/pt-BR_details.xml',''),(43,3,0,'Serbian Latin','','pkg_sr-YU','package','',0,'3.1.0.1','','http://update.joomla.org/language/details3/sr-YU_details.xml',''),(44,3,0,'Spanish','','pkg_es-ES','package','',0,'3.1.0.1','','http://update.joomla.org/language/details3/es-ES_details.xml',''),(45,3,0,'Bosnian','','pkg_bs-BA','package','',0,'3.1.1.1','','http://update.joomla.org/language/details3/bs-BA_details.xml',''),(46,3,0,'Serbian Cyrillic','','pkg_sr-RS','package','',0,'3.1.0.1','','http://update.joomla.org/language/details3/sr-RS_details.xml',''),(47,3,0,'Vietnamese','','pkg_vi-VN','package','',0,'3.0.3.1','','http://update.joomla.org/language/details3/vi-VN_details.xml',''),(48,3,0,'Bahasa Indonesia','','pkg_id-ID','package','',0,'3.0.3.1','','http://update.joomla.org/language/details3/id-ID_details.xml',''),(49,3,0,'Finnish','','pkg_fi-FI','package','',0,'3.1.0.1','','http://update.joomla.org/language/details3/fi-FI_details.xml',''),(50,3,0,'Swahili','','pkg_sw-KE','package','',0,'3.1.1.1','','http://update.joomla.org/language/details3/sw-KE_details.xml','');
/*!40000 ALTER TABLE `triv_updates` ENABLE KEYS */;
UNLOCK TABLES;

--
-- Table structure for table `triv_user_notes`
--

DROP TABLE IF EXISTS `triv_user_notes`;
/*!40101 SET @saved_cs_client     = @@character_set_client */;
/*!40101 SET character_set_client = utf8 */;
CREATE TABLE `triv_user_notes` (
  `id` int(10) unsigned NOT NULL AUTO_INCREMENT,
  `user_id` int(10) unsigned NOT NULL DEFAULT '0',
  `catid` int(10) unsigned NOT NULL DEFAULT '0',
  `subject` varchar(100) NOT NULL DEFAULT '',
  `body` text NOT NULL,
  `state` tinyint(3) NOT NULL DEFAULT '0',
  `checked_out` int(10) unsigned NOT NULL DEFAULT '0',
  `checked_out_time` datetime NOT NULL DEFAULT '0000-00-00 00:00:00',
  `created_user_id` int(10) unsigned NOT NULL DEFAULT '0',
  `created_time` datetime NOT NULL DEFAULT '0000-00-00 00:00:00',
  `modified_user_id` int(10) unsigned NOT NULL,
  `modified_time` datetime NOT NULL DEFAULT '0000-00-00 00:00:00',
  `review_time` datetime NOT NULL DEFAULT '0000-00-00 00:00:00',
  `publish_up` datetime NOT NULL DEFAULT '0000-00-00 00:00:00',
  `publish_down` datetime NOT NULL DEFAULT '0000-00-00 00:00:00',
  PRIMARY KEY (`id`),
  KEY `idx_user_id` (`user_id`),
  KEY `idx_category_id` (`catid`)
) ENGINE=InnoDB DEFAULT CHARSET=utf8;
/*!40101 SET character_set_client = @saved_cs_client */;

--
-- Dumping data for table `triv_user_notes`
--

LOCK TABLES `triv_user_notes` WRITE;
/*!40000 ALTER TABLE `triv_user_notes` DISABLE KEYS */;
/*!40000 ALTER TABLE `triv_user_notes` ENABLE KEYS */;
UNLOCK TABLES;

--
-- Table structure for table `triv_user_profiles`
--

DROP TABLE IF EXISTS `triv_user_profiles`;
/*!40101 SET @saved_cs_client     = @@character_set_client */;
/*!40101 SET character_set_client = utf8 */;
CREATE TABLE `triv_user_profiles` (
  `user_id` int(11) NOT NULL,
  `profile_key` varchar(100) NOT NULL,
  `profile_value` varchar(255) NOT NULL,
  `ordering` int(11) NOT NULL DEFAULT '0',
  UNIQUE KEY `idx_user_id_profile_key` (`user_id`,`profile_key`)
) ENGINE=InnoDB DEFAULT CHARSET=utf8 COMMENT='Simple user profile storage table';
/*!40101 SET character_set_client = @saved_cs_client */;

--
-- Dumping data for table `triv_user_profiles`
--

LOCK TABLES `triv_user_profiles` WRITE;
/*!40000 ALTER TABLE `triv_user_profiles` DISABLE KEYS */;
/*!40000 ALTER TABLE `triv_user_profiles` ENABLE KEYS */;
UNLOCK TABLES;

--
-- Table structure for table `triv_user_usergroup_map`
--

DROP TABLE IF EXISTS `triv_user_usergroup_map`;
/*!40101 SET @saved_cs_client     = @@character_set_client */;
/*!40101 SET character_set_client = utf8 */;
CREATE TABLE `triv_user_usergroup_map` (
  `user_id` int(10) unsigned NOT NULL DEFAULT '0' COMMENT 'Foreign Key to #__users.id',
  `group_id` int(10) unsigned NOT NULL DEFAULT '0' COMMENT 'Foreign Key to #__usergroups.id',
  PRIMARY KEY (`user_id`,`group_id`)
) ENGINE=InnoDB DEFAULT CHARSET=utf8;
/*!40101 SET character_set_client = @saved_cs_client */;

--
-- Dumping data for table `triv_user_usergroup_map`
--

LOCK TABLES `triv_user_usergroup_map` WRITE;
/*!40000 ALTER TABLE `triv_user_usergroup_map` DISABLE KEYS */;
INSERT INTO `triv_user_usergroup_map` VALUES (618,8),(619,2),(620,2),(621,2),(622,2),(623,2),(624,2),(625,2),(626,2),(627,2),(628,2),(629,2),(630,2),(631,2),(632,2),(633,2),(634,2),(635,2);
/*!40000 ALTER TABLE `triv_user_usergroup_map` ENABLE KEYS */;
UNLOCK TABLES;

--
-- Table structure for table `triv_usergroups`
--

DROP TABLE IF EXISTS `triv_usergroups`;
/*!40101 SET @saved_cs_client     = @@character_set_client */;
/*!40101 SET character_set_client = utf8 */;
CREATE TABLE `triv_usergroups` (
  `id` int(10) unsigned NOT NULL AUTO_INCREMENT COMMENT 'Primary Key',
  `parent_id` int(10) unsigned NOT NULL DEFAULT '0' COMMENT 'Adjacency List Reference Id',
  `lft` int(11) NOT NULL DEFAULT '0' COMMENT 'Nested set lft.',
  `rgt` int(11) NOT NULL DEFAULT '0' COMMENT 'Nested set rgt.',
  `title` varchar(100) NOT NULL DEFAULT '',
  PRIMARY KEY (`id`),
  UNIQUE KEY `idx_usergroup_parent_title_lookup` (`parent_id`,`title`),
  KEY `idx_usergroup_title_lookup` (`title`),
  KEY `idx_usergroup_adjacency_lookup` (`parent_id`),
  KEY `idx_usergroup_nested_set_lookup` (`lft`,`rgt`) USING BTREE
) ENGINE=InnoDB AUTO_INCREMENT=10 DEFAULT CHARSET=utf8;
/*!40101 SET character_set_client = @saved_cs_client */;

--
-- Dumping data for table `triv_usergroups`
--

LOCK TABLES `triv_usergroups` WRITE;
/*!40000 ALTER TABLE `triv_usergroups` DISABLE KEYS */;
INSERT INTO `triv_usergroups` VALUES (1,0,1,18,'Public'),(2,1,8,15,'Registered'),(3,2,9,14,'Author'),(4,3,10,13,'Editor'),(5,4,11,12,'Publisher'),(6,1,4,7,'Manager'),(7,6,5,6,'Administrator'),(8,1,16,17,'Super Users'),(9,1,2,3,'Guest');
/*!40000 ALTER TABLE `triv_usergroups` ENABLE KEYS */;
UNLOCK TABLES;

--
-- Table structure for table `triv_users`
--

DROP TABLE IF EXISTS `triv_users`;
/*!40101 SET @saved_cs_client     = @@character_set_client */;
/*!40101 SET character_set_client = utf8 */;
CREATE TABLE `triv_users` (
  `id` int(11) NOT NULL AUTO_INCREMENT,
  `name` varchar(255) NOT NULL DEFAULT '',
  `username` varchar(150) NOT NULL DEFAULT '',
  `email` varchar(100) NOT NULL DEFAULT '',
  `password` varchar(100) NOT NULL DEFAULT '',
  `block` tinyint(4) NOT NULL DEFAULT '0',
  `sendEmail` tinyint(4) DEFAULT '0',
  `registerDate` datetime NOT NULL DEFAULT '0000-00-00 00:00:00',
  `lastvisitDate` datetime NOT NULL DEFAULT '0000-00-00 00:00:00',
  `activation` varchar(100) NOT NULL DEFAULT '',
  `params` text NOT NULL,
  `lastResetTime` datetime NOT NULL DEFAULT '0000-00-00 00:00:00' COMMENT 'Date of last password reset',
  `resetCount` int(11) NOT NULL DEFAULT '0' COMMENT 'Count of password resets since lastResetTime',
  PRIMARY KEY (`id`),
  KEY `idx_name` (`name`),
  KEY `idx_block` (`block`),
  KEY `username` (`username`),
  KEY `email` (`email`)
) ENGINE=InnoDB AUTO_INCREMENT=636 DEFAULT CHARSET=utf8;
/*!40101 SET character_set_client = @saved_cs_client */;

--
-- Dumping data for table `triv_users`
--

LOCK TABLES `triv_users` WRITE;
/*!40000 ALTER TABLE `triv_users` DISABLE KEYS */;
INSERT INTO `triv_users` VALUES (618,'Super User','chris','chris@crosscliq.com','3c444ef82dc11a16e7602dd9465e838e:gOtYtukFReeq5sxNRjrwzX8m1hK1Qbzm',0,1,'2013-05-30 16:32:14','2013-06-06 19:23:42','0','','0000-00-00 00:00:00',0),(619,'Chris French','chrisfrench','chrisfrench@triv.2win.co','d2ba024f30289bee6af4d4836ab5caa3:opglg5k2NAMNuGVAC1jVxV9gwwzUAPST',0,0,'2013-05-31 18:00:06','2013-06-06 19:22:14','','{}','0000-00-00 00:00:00',0),(620,'Ian Barkley','ianbarkley','ianbarkley@triv.2win.co','a1c3b1261bc23be9bf3cecd4c65eb0f4:rOFM13Djoo1tSVQMGmbYdyQvkzRk71KC',0,0,'2013-05-31 18:10:26','2013-05-31 18:10:56','','{}','0000-00-00 00:00:00',0),(621,'shae petersen','shaepetersen','shaepetersen@triv.2win.co','36fe0cf79878569a8faf864a42a8f053:rJQQV8uxRVZA0GMdwSVW6rds7DDD8aOA',0,0,'2013-05-31 18:22:41','2013-06-06 18:25:58','','{}','0000-00-00 00:00:00',0),(622,'some dude','somedude','somedude@triv.2win.co','c35a4fc390ae2d938b4c60ff63becc97:RtxrNletAL36grniWZ1MkNGhSkVnWbev',0,0,'2013-05-31 21:09:04','2013-05-31 22:12:37','','{}','0000-00-00 00:00:00',0),(623,'elisha ferrara','elishaferrara','elishaferrara@triv.2win.co','b80c7dc9481d8312d68696cff6604597:wATk9TusQZHk5OP5sG1xAsMv8vV33uFM',0,0,'2013-05-31 21:16:21','2013-05-31 21:42:06','','{}','0000-00-00 00:00:00',0),(624,'Richard Holder','richardholder','richardholder@triv.2win.co','55b5e4f2efacb7bdd55cfa6e3a522fea:cdwLRu1Di5qUaivIyTg8j3omUv2gQaQS',0,0,'2013-05-31 21:16:28','2013-05-31 21:42:32','','{}','0000-00-00 00:00:00',0),(625,'Shae \\\'.','shae','shae@triv.2win.co','8826cfb50e4ab81b1b3720703fe84cbd:7u5hvFFvgxk7s5ndg7rNtoeP3ja5N5of',0,0,'2013-05-31 22:15:59','2013-06-06 17:52:30','','{}','0000-00-00 00:00:00',0),(626,'Billy French','billyfrench','billyfrench@triv.2win.co','ad60156e6d9a785bf15d4f040cb909f9:HFHV4X5BuYG6Y7CxmCA9nDWnmbFAQUMx',0,0,'2013-05-31 23:49:00','2013-05-31 23:49:20','','{}','0000-00-00 00:00:00',0),(627,'bruce knack','bruceknack','bruceknack@triv.2win.co','20b2d97435f587b5fabe5dcc1444a8c8:Bwn4LFqWjsRcR71HTl2icSVQu4Pxq7rg',0,0,'2013-06-01 00:52:57','2013-06-01 00:55:47','','{}','0000-00-00 00:00:00',0),(628,'ben broom','benbroom','benbroom@triv.2win.co','b100a48b7b7145608b9000c598a39dc6:IRpMzFWRDyUUdBRkkfBTYkgaL4mZ0tD4',0,0,'2013-06-03 20:56:53','2013-06-06 18:56:54','','{}','0000-00-00 00:00:00',0),(629,'mark bucherl','markbucherl','markbucherl@triv.2win.co','3fa04754d0f4adc7434921efd76432bc:SrzZwZXssQPXliQScmXstTikolZAr2Xz',0,0,'2013-06-03 21:01:24','2013-06-03 21:01:24','','{}','0000-00-00 00:00:00',0),(630,'Jose Dietz','josedietz','josedietz@triv.2win.co','134690ed7db9c9e05d93378dfcdfcf90:IJNnsRvPh2R0I2XmUBBuGFKHGVsV2j6F',0,0,'2013-06-04 07:41:19','2013-06-05 06:07:18','','{}','0000-00-00 00:00:00',0),(631,'annette karth','annettekarth','annettekarth@triv.2win.co','00ff82f32fcd5cc78958382227c07bcd:YQ8xk5PozsKpXpEeYvCOeuV8Ryjys85d',0,0,'2013-06-04 08:37:00','2013-06-04 08:37:00','','{}','0000-00-00 00:00:00',0),(632,'aa bb','aabb','aabb@triv.2win.co','3921e113630d9dd456006be6b9bcd0bc:W4WH0tHjAyBcqyKKtCbrkqATBfSkmp6x',0,0,'2013-06-04 14:06:48','2013-06-04 14:16:22','','{}','0000-00-00 00:00:00',0),(633,'mg se','mgse','mgse@triv.2win.co','d7ca355be349d565229811de36eea24b:RuRW3AwpGkzBdeEZjhvUf3mdFxS5CLSs',0,0,'2013-06-05 01:37:54','2013-06-05 01:37:54','','{}','0000-00-00 00:00:00',0),(634,'ch ko','chko','chko@triv.2win.co','ba70ddace0b5184ddbba3e47f54e53a2:1eB5WW87lPpUwFpvSTalFuTVI0f70UYF',0,0,'2013-06-06 13:32:03','2013-06-06 13:32:03','','{}','0000-00-00 00:00:00',0),(635,'Another User','anotheruser','anotheruser@triv.2win.co','c0b209a98ac29132cebeab4fc2a2f933:6lVjzAiSeiAARLbpHXLhBm1gQJicHJfY',0,0,'2013-06-06 16:01:21','2013-06-06 16:01:21','','{}','0000-00-00 00:00:00',0);
/*!40000 ALTER TABLE `triv_users` ENABLE KEYS */;
UNLOCK TABLES;

--
-- Table structure for table `triv_viewlevels`
--

DROP TABLE IF EXISTS `triv_viewlevels`;
/*!40101 SET @saved_cs_client     = @@character_set_client */;
/*!40101 SET character_set_client = utf8 */;
CREATE TABLE `triv_viewlevels` (
  `id` int(10) unsigned NOT NULL AUTO_INCREMENT COMMENT 'Primary Key',
  `title` varchar(100) NOT NULL DEFAULT '',
  `ordering` int(11) NOT NULL DEFAULT '0',
  `rules` varchar(5120) NOT NULL COMMENT 'JSON encoded access control.',
  PRIMARY KEY (`id`),
  UNIQUE KEY `idx_assetgroup_title_lookup` (`title`)
) ENGINE=InnoDB AUTO_INCREMENT=6 DEFAULT CHARSET=utf8;
/*!40101 SET character_set_client = @saved_cs_client */;

--
-- Dumping data for table `triv_viewlevels`
--

LOCK TABLES `triv_viewlevels` WRITE;
/*!40000 ALTER TABLE `triv_viewlevels` DISABLE KEYS */;
INSERT INTO `triv_viewlevels` VALUES (1,'Public',0,'[1]'),(2,'Registered',1,'[6,2,8]'),(3,'Special',2,'[6,3,8]'),(5,'Guest',0,'[9]');
/*!40000 ALTER TABLE `triv_viewlevels` ENABLE KEYS */;
UNLOCK TABLES;

--
-- Table structure for table `triv_weblinks`
--

DROP TABLE IF EXISTS `triv_weblinks`;
/*!40101 SET @saved_cs_client     = @@character_set_client */;
/*!40101 SET character_set_client = utf8 */;
CREATE TABLE `triv_weblinks` (
  `id` int(10) unsigned NOT NULL AUTO_INCREMENT,
  `catid` int(11) NOT NULL DEFAULT '0',
  `title` varchar(250) NOT NULL DEFAULT '',
  `alias` varchar(255) CHARACTER SET utf8 COLLATE utf8_bin NOT NULL DEFAULT '',
  `url` varchar(250) NOT NULL DEFAULT '',
  `description` text NOT NULL,
  `hits` int(11) NOT NULL DEFAULT '0',
  `state` tinyint(1) NOT NULL DEFAULT '0',
  `checked_out` int(11) NOT NULL DEFAULT '0',
  `checked_out_time` datetime NOT NULL DEFAULT '0000-00-00 00:00:00',
  `ordering` int(11) NOT NULL DEFAULT '0',
  `access` int(11) NOT NULL DEFAULT '1',
  `params` text NOT NULL,
  `language` char(7) NOT NULL DEFAULT '',
  `created` datetime NOT NULL DEFAULT '0000-00-00 00:00:00',
  `created_by` int(10) unsigned NOT NULL DEFAULT '0',
  `created_by_alias` varchar(255) NOT NULL DEFAULT '',
  `modified` datetime NOT NULL DEFAULT '0000-00-00 00:00:00',
  `modified_by` int(10) unsigned NOT NULL DEFAULT '0',
  `metakey` text NOT NULL,
  `metadesc` text NOT NULL,
  `metadata` text NOT NULL,
  `featured` tinyint(3) unsigned NOT NULL DEFAULT '0' COMMENT 'Set if link is featured.',
  `xreference` varchar(50) NOT NULL COMMENT 'A reference to enable linkages to external data sets.',
  `publish_up` datetime NOT NULL DEFAULT '0000-00-00 00:00:00',
  `publish_down` datetime NOT NULL DEFAULT '0000-00-00 00:00:00',
  `version` int(10) unsigned NOT NULL DEFAULT '1',
  `images` text NOT NULL,
  PRIMARY KEY (`id`),
  KEY `idx_access` (`access`),
  KEY `idx_checkout` (`checked_out`),
  KEY `idx_state` (`state`),
  KEY `idx_catid` (`catid`),
  KEY `idx_createdby` (`created_by`),
  KEY `idx_featured_catid` (`featured`,`catid`),
  KEY `idx_language` (`language`),
  KEY `idx_xreference` (`xreference`)
) ENGINE=InnoDB DEFAULT CHARSET=utf8;
/*!40101 SET character_set_client = @saved_cs_client */;

--
-- Dumping data for table `triv_weblinks`
--

LOCK TABLES `triv_weblinks` WRITE;
/*!40000 ALTER TABLE `triv_weblinks` DISABLE KEYS */;
/*!40000 ALTER TABLE `triv_weblinks` ENABLE KEYS */;
UNLOCK TABLES;
/*!40103 SET TIME_ZONE=@OLD_TIME_ZONE */;

/*!40101 SET SQL_MODE=@OLD_SQL_MODE */;
/*!40014 SET FOREIGN_KEY_CHECKS=@OLD_FOREIGN_KEY_CHECKS */;
/*!40014 SET UNIQUE_CHECKS=@OLD_UNIQUE_CHECKS */;
/*!40101 SET CHARACTER_SET_CLIENT=@OLD_CHARACTER_SET_CLIENT */;
/*!40101 SET CHARACTER_SET_RESULTS=@OLD_CHARACTER_SET_RESULTS */;
/*!40101 SET COLLATION_CONNECTION=@OLD_COLLATION_CONNECTION */;
/*!40111 SET SQL_NOTES=@OLD_SQL_NOTES */;

-- Dump completed on 2013-06-06 19:24:30
